tree
version=v4
num_class=1
num_tree_per_iteration=1
label_index=0
max_feature_idx=35
objective=binary sigmoid:1
feature_names=addr_component_jaccard addr_contains_substring addr_exact_match_norm addr_exact_match_raw addr_first_token_match addr_jaro_winkler addr_length_ratio addr_levenshtein_ratio addr_token_count_diff addr_token_set_jaccard addr_token_sort_ratio country_match digit_run_overlap landmark_overlap name_addr_jw_product name_addr_tsj_product name_contains_substring name_core_addr_jw_product name_core_exact_match name_core_jaro_winkler name_core_levenshtein_ratio name_core_token_set_jaccard name_core_token_sort_ratio name_exact_match_norm name_exact_match_raw name_first_token_match name_jaro_winkler name_levenshtein_ratio name_token_count_diff name_token_set_jaccard name_token_sort_ratio postal_code_match source_is_s2 source_is_s3 street_number_match tfidf_cosine
feature_infos=[0:1] [0:1] [0:1] [0:1] [0:1] [0.28985506296157837:1] [0.73170733451843262:1] [0.17073170840740204:1] [0:1] [0:1] [0.24657534062862396:1] none [0:1] none [0.034871794283390045:1] [0:1] [0:1] [0:1] [0:1] [0:1] [0:1] [0:1] [0:1] [0:1] [0:1] [0:1] [0.076923079788684845:1] [0:1] [0:1] [0:1] [0.076923079788684845:1] [0:1] [0:1] [0:1] [0:1] [0.01194988377392292:1]
tree_sizes=671 476 578 476 802 692 911 1025 916 906 1243 1138 1355 697 697 697 698 1127 1474 1024 1693 1247 1470 915 1581 804 1460 1142 1141 1254 695 807 811 1147 1031 920 1028 1030 804 807 811 1027 704 810 2932 702 1030 925 1033 1038 701 807 701 700 1142 810 921 811 699 2612 1144 925 1036 923 813 810 811 917 1943 813 704 927 1266 819 1271 817 822 707 816 1159 929 1155 820 1268 1041 925 714 938 1160 1276 1046 1047 933 704 601 1160 705 1389 1050 816 1737 709 1280 1163 1050 599 1054 2667 1053 1510 601 713 600 2088 2093 1399 1046 939 825 1398 717 716 944 1173 942 944 945 946 1277 1061 942 1518 831 1171 833 831 832 722 1054 714 839 717 1068 948 720 833 831 721 828 945 717 719 838 717 1064 831 835 953 952 839 836 838 837 722 726 720 723 839 958 841 840 955 611 612 611 954 612 493 842 727 726 726 726 609 613 611 497 610 609 497 612 496 497 495 610 613 611 612 496 381

Tree=0
num_leaves=5
num_cat=0
split_feature=24 0 0 20
split_gain=1900.1 7.10543e-15 8.88178e-16 2.22045e-16
threshold=1.0000000180025095e-35 0.087121214717626586 0.17424242943525317 0.5313725769519807
decision_type=2 2 2 2
left_child=1 -1 -3 -4
right_child=-2 2 3 -5
leaf_value=-3.9428407045283893 -1.3918202791040435 -3.9428407045283893 -3.9428407045283893 -3.9428407045283893
leaf_weight=32.398800384253263 0.74480000883340736 2.9400000348687163 0.47040000557899453 0.78400000929832458
leaf_count=1653 38 150 24 40
internal_value=-3.89195 -3.94284 -3.94284 -3.94284
internal_weight=37.338 36.5932 4.1944 1.2544
internal_count=1905 1867 214 64
is_linear=0
shrinkage=1


Tree=1
num_leaves=3
num_cat=0
split_feature=24 5
split_gain=188.417 1.42109e-14
threshold=1.0000000180025095e-35 0.31117957830429083
decision_type=2 2
left_child=1 -1
right_child=-2 -3
leaf_value=-0.050969654330305585 0.25110823621204797 -0.050969654330305585
leaf_weight=0.65317678265273471 6.0598455369472495 34.189139023423195
leaf_count=35 38 1832
internal_value=-0.00621541 -0.0509697
internal_weight=40.9022 34.8423
internal_count=1905 1867
is_linear=0
shrinkage=0.05


Tree=2
num_leaves=4
num_cat=0
split_feature=15 32 20
split_gain=149.452 0.00113749 7.10543e-15
threshold=0.83333334326744091 1.0000000180025095e-35 0.78860294818878185
decision_type=2 2 2
left_child=2 -2 -1
right_child=1 -3 -4
leaf_value=-0.050921468554736199 0.20257477384780542 0.20130890844862118 -0.050921468554736199
leaf_weight=32.409564614295959 3.540448021143674 3.5582164227962494 0.63966245949268241
leaf_count=1824 22 23 36
internal_value=-0.00621226 0.20194 -0.0509215
internal_weight=40.1479 7.09866 33.0492
internal_count=1905 45 1860
is_linear=0
shrinkage=0.05


Tree=3
num_leaves=3
num_cat=0
split_feature=24 30
split_gain=129.295 1.6974e-06
threshold=1.0000000180025095e-35 0.87867647409439098
decision_type=2 2
left_child=1 -1
right_child=-2 -3
leaf_value=-0.050875721601712734 0.17784175093372731 -0.050988529178375069
leaf_weight=31.278870994225148 7.6799580305814734 0.33705665357410808
leaf_count=1849 38 18
internal_value=-0.00617632 -0.0508769
internal_weight=39.2959 31.6159
internal_count=1905 1867
is_linear=0
shrinkage=0.05


Tree=4
num_leaves=6
num_cat=0
split_feature=24 30 5 5 5
split_gain=111.864 1.45754e-06 3.55271e-15 2.22045e-16 1.11022e-16
threshold=1.0000000180025095e-35 0.87867647409439098 0.35388994216918951 0.32609657943248754 0.30418330430984503
decision_type=2 2 2 2 2
left_child=1 2 3 4 -1
right_child=-2 -3 -4 -5 -6
leaf_value=-0.050832285487730694 0.157013128219092 -0.05093941514225489 -0.050832285487731645 -0.050832285487731589 -0.050832285487731554
leaf_weight=0.37041525542736653 8.2474314719438535 0.32091952487826247 28.038824334740639 0.83746057748794556 0.53146536648273468
leaf_count=23 38 18 1741 52 33
internal_value=-0.00613053 -0.0508334 -0.0508323 -0.0508323 -0.0508323
internal_weight=38.3465 30.0991 29.7782 1.73934 0.901881
internal_count=1905 1867 1849 108 56
is_linear=0
shrinkage=0.05


Tree=5
num_leaves=5
num_cat=0
split_feature=24 35 30 17
split_gain=96.5344 8.89306e-07 1.1191e-12 3.55271e-15
threshold=1.0000000180025095e-35 0.88120910525321972 0.82004311680793773 0.18025000393390658
decision_type=2 2 2 2
left_child=1 2 3 -1
right_child=-2 -3 -4 -5
leaf_value=-0.050791032831124461 0.1414617891735872 -0.050875286810308534 -0.050790936738593445 -0.050791032831124495
leaf_weight=16.742203664034616 8.4553796499967557 0.316682537086307 0.30659783910959859 11.299454304389654
leaf_count=1092 37 19 20 737
internal_value=-0.00699981 -0.050792 -0.050791 -0.050791
internal_weight=37.1203 28.6649 28.3483 28.0417
internal_count=1905 1868 1849 1829
is_linear=0
shrinkage=0.05


Tree=6
num_leaves=7
num_cat=0
split_feature=24 35 30 6 7 7
split_gain=86.177 7.63965e-07 9.20153e-13 3.55271e-15 4.44089e-16 2.22045e-16
threshold=1.0000000180025095e-35 0.88120910525321972 0.82004311680793773 0.98780488967895519 0.31009615957736975 0.79166665673255932
decision_type=2 2 2 2 2 2
left_child=1 2 3 -1 -5 -6
right_child=-2 -3 -4 4 5 -7
leaf_value=-0.050751857725099603 0.12939691369499509 -0.050831892497809554 -0.050751768350901311 -0.050751857725099617 -0.050751857725099561 -0.05075185772509954
leaf_weight=24.534071444533776 8.7725832164287549 0.30148842744529147 0.29186429083347221 1.1092144139111035 0.52541735395789124 0.52541735395789146
leaf_count=1681 37 19 20 76 36 36
internal_value=-0.00692647 -0.0507527 -0.0507519 -0.0507519 -0.0507519 -0.0507519
internal_weight=36.0601 27.2875 26.986 26.6941 2.16005 1.05083
internal_count=1905 1868 1849 1829 148 72
is_linear=0
shrinkage=0.05


Tree=7
num_leaves=8
num_cat=0
split_feature=14 33 30 14 4 14 14
split_gain=76.4634 2.75352e-07 1.36779e-12 3.01981e-13 3.55271e-15 3.55271e-15 3.55271e-15
threshold=0.98484849929809581 1.0000000180025095e-35 0.83314794301986705 0.70496895909309398 1.0000000180025095e-35 0.19665548950433734 0.18821288645267489
decision_type=2 2 2 2 2 2 2
left_child=2 -2 3 4 5 6 -1
right_child=1 -3 -4 -5 -6 -7 -8
leaf_value=-0.050714651486695052 0.11775588027098907 0.11777327709148809 -0.050714539337861922 -0.050714604620777419 -0.050714647825510877 -0.050714651497584542 -0.05071465148669501
leaf_weight=15.574111296795323 4.4302070774137956 4.6744050197303295 0.27781804092228313 0.34730411600321431 0.44457544572651286 8.3080451022833568 0.91694143228232938
leaf_count=1121 21 22 20 25 32 598 66
internal_value=-0.00685446 0.117765 -0.0507146 -0.0507147 -0.0507147 -0.0507147 -0.0507147
internal_weight=34.9734 9.10461 25.8688 25.591 25.2437 24.7991 16.4911
internal_count=1905 43 1862 1842 1817 1785 1187
is_linear=0
shrinkage=0.05


Tree=8
num_leaves=7
num_cat=0
split_feature=24 27 20 14 20 5
split_gain=70.6857 2.68419e-06 5.43565e-13 3.55271e-14 3.39728e-14 3.55271e-15
threshold=1.0000000180025095e-35 0.87083333730697643 0.86190477013587963 0.39476037025451666 0.43303571641445165 0.58617869019508373
decision_type=2 2 2 2 2 2
left_child=1 2 3 5 -5 -1
right_child=-2 -3 -4 4 -6 -7
leaf_value=-0.050679312087100171 0.11201013541655647 -0.050839405896388482 -0.050679245696413161 -0.050679290223511267 -0.050679312076224003 -0.050679312087705763
leaf_weight=22.984116677194848 9.1436530202627164 0.26464725285768409 0.31735677644610305 0.38349743466824193 0.33061158005148172 0.46285620424896379
leaf_count=1738 37 17 24 29 25 35
internal_value=-0.0067821 -0.050681 -0.0506793 -0.0506793 -0.0506793 -0.0506793
internal_weight=33.8867 24.7431 24.4784 24.1611 0.714109 23.447
internal_count=1905 1868 1851 1827 54 1773
is_linear=0
shrinkage=0.05


Tree=9
num_leaves=7
num_cat=0
split_feature=14 32 26 35 7 5
split_gain=63.5017 7.91335e-07 2.18492e-12 1.35003e-13 7.10543e-15 8.88178e-16
threshold=0.98484849929809581 1.0000000180025095e-35 0.87867647409439098 0.83462414145469677 0.2674796879291535 0.31117957830429083
decision_type=2 2 2 2 2 2
left_child=2 -2 3 4 5 -1
right_child=1 -3 -4 -5 -6 -7
leaf_value=-0.050645745072824079 0.10355200968131928 0.10352288993540036 -0.050645625420829767 -0.050645707214789226 -0.05064574506917921 -0.050645745063077174
leaf_weight=0.36504114046693814 4.7943062838166934 4.5445966254919767 0.39014770369976659 0.25173842441290517 16.72895435616374 5.7021943805739284
leaf_count=29 22 21 31 20 1329 453
internal_value=-0.00671535 0.103538 -0.0506457 -0.0506457 -0.0506457 -0.0506457
internal_weight=32.777 9.3389 23.4381 23.0479 22.7962 6.06724
internal_count=1905 43 1862 1831 1811 482
is_linear=0
shrinkage=0.05


Tree=10
num_leaves=10
num_cat=0
split_feature=24 33 35 27 5 19 19 14 14
split_gain=62.5267 4.30348e-06 4.16141e-06 1.44595e-12 3.55271e-15 3.55271e-15 1.9984e-15 8.88178e-16 1.11022e-16
threshold=1.0000000180025095e-35 1.0000000180025095e-35 0.88120910525321972 0.81534090638160717 0.4794366210699082 0.78293010592460643 0.89827585220336925 0.44909332692623144 0.68214285373687755
decision_type=2 2 2 2 2 2 2 2 2
left_child=2 -2 3 4 5 -1 -7 -6 -9
right_child=1 -3 -4 -5 7 6 -8 8 -10
leaf_value=-0.050613852156784205 0.10002003312230311 0.099954432240921043 -0.050824822875610201 -0.050613734316854987 -0.050613852246955249 -0.050613852142860252 -0.050613846829505399 -0.050613854825863981 -0.05061385280818971
leaf_weight=15.982752421870838 4.9999997019767743 4.9999991059303284 0.23625585902482171 0.26353414915501971 4.4569594440981737 0.40735650807619173 0.29952427837997675 0.27556470595300186 0.25160257983952761
leaf_count=1334 20 20 16 22 372 34 25 23 21
internal_value=-0.00380643 0.0999872 -0.0506161 -0.0506139 -0.0506139 -0.0506139 -0.0506138 -0.0506139 -0.0506139
internal_weight=32.1735 10 22.1735 21.9373 21.6738 16.6896 0.706881 4.98413 0.527167
internal_count=1887 40 1847 1831 1809 1393 59 416 44
is_linear=0
shrinkage=0.05


Tree=11
num_leaves=9
num_cat=0
split_feature=24 27 33 35 27 5 5 27
split_gain=57.6083 3.57863e-06 3.17179e-06 1.10845e-12 1.98952e-13 3.55271e-15 8.88178e-16 8.88178e-16
threshold=1.0000000180025095e-35 0.87083333730697643 1.0000000180025095e-35 0.86153501272201549 0.77708980441093456 0.4794366210699082 0.84285715222358715 0.65833333134651195
decision_type=2 2 2 2 2 2 2 2
left_child=1 3 -2 4 5 -1 7 -7
right_child=2 -3 -4 -5 -6 6 -8 -9
leaf_value=-0.050583560692909792 0.095259093456726493 -0.050784070486731281 0.095202704095672344 -0.050583456734706135 -0.050583513206512901 -0.050583560771409131 -0.050583557797549805 -0.050583558322841261
leaf_weight=15.827923747710896 4.9876153469085711 0.22492114547639985 4.9873039126396179 0.26223407313227554 0.22805099748074908 4.0482081547379485 0.28508511465042818 0.22806807793676842
leaf_count=1388 20 16 20 23 20 355 25 20
internal_value=-0.00378594 -0.0505857 0.0952309 -0.0505836 -0.0505836 -0.0505836 -0.0505836 -0.0505836
internal_weight=31.0794 21.1045 9.97492 20.8796 20.6173 20.3893 4.56136 4.27628
internal_count=1887 1847 40 1831 1808 1788 400 375
is_linear=0
shrinkage=0.05


Tree=12
num_leaves=11
num_cat=0
split_feature=24 27 33 20 14 19 0 6 6 26
split_gain=53.264 3.07709e-06 2.3737e-06 7.42517e-13 6.39488e-14 4.69624e-14 3.55271e-15 2.22045e-16 1.11022e-16 1.11022e-16
threshold=1.0000000180025095e-35 0.87083333730697643 1.0000000180025095e-35 0.86190477013587963 0.37672422826290136 0.57071429491043102 0.087121214717626586 0.91779279708862316 0.89331436157226574 0.35239651799201971
decision_type=2 2 2 2 2 2 2 2 2 2
left_child=1 3 -2 4 6 -6 -1 8 9 -8
right_child=2 -3 -4 -5 5 -7 7 -9 -10 -11
leaf_value=-0.050554772106562063 0.091146733944166877 -0.050745337579120746 0.091097780454019311 -0.050554686546947884 -0.050554772263470375 -0.050554745682186999 -0.050554772107605429 -0.050554772107605353 -0.0505547721076052 -0.050554772107605186
leaf_weight=17.332678281702115 4.9528267979621905 0.21411079820245404 4.9522525072097778 0.2604390811175098 0.28218512330204149 0.4015522338449955 0.36901130899786838 0.78143571317195892 0.22791874967515469 0.2170654758810997
leaf_count=1597 20 16 20 24 26 37 34 72 21 20
internal_value=-0.00376543 -0.0505568 0.0911223 -0.0505548 -0.0505548 -0.0505548 -0.0505548 -0.0505548 -0.0505548 -0.0505548
internal_weight=29.9915 20.0864 9.90508 19.8723 19.6118 0.683737 18.9281 1.59543 0.813996 0.586077
internal_count=1887 1847 40 1831 1807 63 1744 147 75 54
is_linear=0
shrinkage=0.05


Tree=13
num_leaves=5
num_cat=0
split_feature=24 35 32 27
split_gain=49.3942 2.64789e-06 1.79957e-06 3.41061e-12
threshold=1.0000000180025095e-35 0.88120910525321972 1.0000000180025095e-35 0.81534090638160717
decision_type=2 2 2 2
left_child=1 3 -2 -1
right_child=2 -3 -4 -5
leaf_value=-0.050527422433484064 0.087519330242279217 -0.050708596542775208 0.087562187844138301 -0.050527227550622472
leaf_weight=18.685882814228542 4.8983195424079913 0.20384143013507028 4.899115264415741 0.22716450318694015
leaf_count=1809 20 16 20 22
internal_value=-0.00374517 -0.0505294 0.0875408 -0.0505274
internal_weight=28.9143 19.1169 9.79743 18.913
internal_count=1887 1847 40 1831
is_linear=0
shrinkage=0.05


Tree=14
num_leaves=5
num_cat=0
split_feature=24 35 33 27
split_gain=45.9225 2.27684e-06 1.37854e-06 2.91678e-12
threshold=1.0000000180025095e-35 0.88120910525321972 1.0000000180025095e-35 0.81534090638160717
decision_type=2 2 2 2
left_child=1 3 -2 -1
right_child=2 -3 -4 -5
leaf_value=-0.050501436109283863 0.08441303953427233 -0.050673632480144851 0.084375259229047872 -0.050501251326574348
leaf_weight=17.783476952463396 4.829519987106325 0.19403037521988054 4.8285388946533203 0.21619390975683828
leaf_count=1809 20 16 20 22
internal_value=-0.00372536 -0.0505033 0.0843942 -0.0505014
internal_weight=27.8518 18.1937 9.65806 17.9997
internal_count=1887 1847 40 1831
is_linear=0
shrinkage=0.05


Tree=15
num_leaves=5
num_cat=0
split_feature=14 35 26 5
split_gain=40.2761 4.11404e-12 2.33413e-12 3.55271e-15
threshold=0.98484849929809581 0.86153501272201549 0.87867647409439098 0.60173159837722789
decision_type=2 2 2 2
left_child=1 2 3 -1
right_child=-2 -3 -4 -5
leaf_value=-0.050476742108756613 0.080390620299610749 -0.050476528916847924 -0.050476564513149871 -0.050476742086871265
leaf_weight=16.615502645261596 8.8623732291162032 0.23378677107393642 0.18704288452863593 0.43035650718957086
leaf_count=1776 42 25 20 46
internal_value=-0.00642673 -0.0504767 -0.0504767 -0.0504767
internal_weight=26.3291 17.4667 17.2329 17.0459
internal_count=1909 1867 1842 1822
is_linear=0
shrinkage=0.05


Tree=16
num_leaves=5
num_cat=0
split_feature=14 26 35 4
split_gain=37.5993 3.49232e-12 1.69109e-12 3.55271e-15
threshold=0.98484849929809581 0.87867647409439098 0.84005281329154979 1.0000000180025095e-35
decision_type=2 2 2 2
left_child=1 2 3 -1
right_child=-2 -3 -4 -5
leaf_value=-0.050453274433299826 0.077849105690073167 -0.05045307701470652 -0.050453126516578906 -0.050453274630045952
leaf_weight=15.990387772209949 8.6982549931854027 0.23138722870498796 0.19580974895506997 0.20477668941021043
leaf_count=1796 42 26 22 23
internal_value=-0.00637825 -0.0504533 -0.0504533 -0.0504533
internal_weight=25.3206 16.6224 16.391 16.1952
internal_count=1909 1867 1841 1819
is_linear=0
shrinkage=0.05


Tree=17
num_leaves=9
num_cat=0
split_feature=15 35 26 10 7 0 7 7
split_gain=35.154 3.04112e-12 1.74083e-12 3.55271e-15 1.77636e-15 4.44089e-16 4.44089e-16 5.55112e-17
threshold=0.83333334326744091 0.86153501272201549 0.87867647409439098 0.45115855336189276 0.40900735557079321 0.080128207802772536 0.42020373046398168 0.42678572237491613
decision_type=2 2 2 2 2 2 2 2
left_child=1 2 3 4 -1 -5 -7 -6
right_child=-2 -3 -4 5 7 6 -8 -9
leaf_value=-0.050430972659180243 0.075554915900565692 -0.050430780206712426 -0.050430811486849914 -0.050430972652999985 -0.050430972652999541 -0.050430972653000006 -0.050430972683637693 -0.050430972652999818
leaf_weight=11.692414276301854 8.5187950152903795 0.2117260694503792 0.16939307190477926 1.2285507703199994 0.16945527866482812 1.0252044359222057 1.1268776310607789 0.19487357046455145
leaf_count=1380 42 25 20 145 20 121 133 23
internal_value=-0.00633206 -0.050431 -0.050431 -0.050431 -0.050431 -0.050431 -0.050431 -0.050431
internal_weight=24.3373 15.8185 15.6068 15.4374 12.0567 3.38063 2.15208 0.364329
internal_count=1909 1867 1842 1822 1423 399 254 43
is_linear=0
shrinkage=0.05


Tree=18
num_leaves=12
num_cat=0
split_feature=14 35 26 14 6 7 17 26 10 14 0
split_gain=32.9114 2.7498e-12 1.57918e-12 5.32907e-15 1.77636e-15 1.77636e-15 1.77636e-15 1.77636e-15 1.11022e-16 1.11022e-16 5.55112e-17
threshold=0.98484849929809581 0.86153501272201549 0.87867647409439098 0.40219312906265264 0.98780488967895519 0.45830115675926214 0.28851033747196203 0.84646466374397289 0.39736843109130865 0.18756980448961261 0.17424242943525317
decision_type=2 2 2 2 2 2 2 2 2 2 2
left_child=1 2 3 4 5 6 7 -1 -6 -7 -5
right_child=-2 -3 -4 10 8 9 -8 -9 -10 -11 -12
leaf_value=-0.050409781707958935 0.073471152476144039 -0.050409593873487896 -0.050409624300591885 -0.050409776072644852 -0.050409781720037641 -0.050409781720037572 -0.05040978166720389 -0.050409780447802643 -0.050409781718581383 -0.050409781720037711 -0.050409776728118583
leaf_weight=11.723376774229097 8.3272376339882612 0.20148257911205369 0.16119769029319364 0.21769686322659332 0.37089087441563684 0.29832526855170804 0.90303865354508239 0.19350831490010101 0.52408493310213089 0.29832526855170727 0.16125693451613188
leaf_count=1454 42 25 20 27 46 37 112 24 65 37 20
internal_value=-0.00628799 -0.0504098 -0.0504098 -0.0504098 -0.0504098 -0.0504098 -0.0504098 -0.0504098 -0.0504098 -0.0504098 -0.0504098
internal_weight=23.3804 15.0532 14.8517 14.6905 14.3116 13.4166 12.8199 11.9169 0.894976 0.596651 0.378954
internal_count=1909 1867 1842 1822 1775 1664 1590 1478 111 74 47
is_linear=0
shrinkage=0.05


Tree=19
num_leaves=8
num_cat=0
split_feature=14 35 26 5 5 30 7
split_gain=30.8474 2.26485e-12 1.30207e-12 1.77636e-15 1.77636e-15 1.77636e-15 2.22045e-16
threshold=0.98484849929809581 0.86153501272201549 0.87867647409439098 0.51471862196922313 0.50706467032432567 0.79393941164016735 0.4131994247436524
decision_type=2 2 2 2 2 2 2
left_child=1 2 3 4 5 -1 -5
right_child=-2 -3 -4 6 -6 -7 -8
leaf_value=-0.050389632860985384 0.071567333710580272 -0.050389458339478346 -0.050389486451603738 -0.050389632853318003 -0.050389632861200156 -0.050389632663817574 -0.050389632708709456
leaf_weight=11.800465941429129 8.1264156848192215 0.19173080846667367 0.15339571796357709 0.64449880272150117 0.1994877206161626 0.18414254486560899 1.1508907279931007
leaf_count=1538 42 25 20 84 26 24 150
internal_value=-0.00624586 -0.0503896 -0.0503896 -0.0503896 -0.0503896 -0.0503896 -0.0503896
internal_weight=22.451 14.3246 14.1329 13.9795 12.1841 11.9846 1.79539
internal_count=1909 1867 1842 1822 1588 1562 234
is_linear=0
shrinkage=0.05


Tree=20
num_leaves=14
num_cat=0
split_feature=24 14 32 26 35 5 5 17 26 5 5 5 26
split_gain=32.2928 4.88522e-05 4.66563e-07 2.63256e-12 9.45022e-13 3.55271e-15 1.77636e-15 1.77636e-15 1.77636e-15 4.44089e-16 1.11022e-16 1.11022e-16 5.55112e-17
threshold=1.0000000180025095e-35 0.98484849929809581 1.0000000180025095e-35 0.87867647409439098 0.84005281329154979 0.53626236319541942 0.46296514570713049 0.29099461436271673 0.62678572535514843 0.52383354306221019 0.54669988155365001 0.6198844611644746 0.77413380146026622
decision_type=2 2 2 2 2 2 2 2 2 2 2 2 2
left_child=1 3 -2 4 5 6 7 8 -1 -8 -7 -12 -9
right_child=2 -3 -4 -5 -6 10 9 12 -10 -11 11 -13 -14
leaf_value=-0.050370485575053303 0.071631025582531857 -0.051236362319826069 0.071653979805037543 -0.050370309411182292 -0.050370363480157936 -0.050370485575052706 -0.050370485573112946 -0.050370485575052859 -0.050370485564236879 -0.050370485566149314 -0.05037048557505313 -0.050370485554924238 -0.050370485570327021
leaf_weight=8.1918473336845512 4.4265366643667221 0.16483782045543272 4.4283957481384277 0.21893094386905509 0.1605722354725011 0.16792556922882873 2.4896791046485318 0.24093668628484088 1.0367578924633569 0.50377671979367722 0.46727114915847778 0.19713002676144242 0.14602223597466946
leaf_count=1122 21 7 21 30 22 23 341 33 142 69 64 27 20
internal_value=-0.0030743 -0.0503807 0.0716425 -0.0503705 -0.0503705 -0.0503705 -0.0503705 -0.0503705 -0.0503705 -0.0503705 -0.0503705 -0.0503705 -0.0503705
internal_weight=22.8406 13.9857 8.85493 13.8208 13.6019 13.4413 12.609 9.61556 9.22861 2.99346 0.832327 0.664401 0.386959
internal_count=1942 1900 42 1893 1863 1841 1727 1317 1264 410 114 91 53
is_linear=0
shrinkage=0.05


Tree=21
num_leaves=10
num_cat=0
split_feature=24 15 32 22 27 27 17 5 30
split_gain=30.3424 4.19614e-05 3.75708e-07 1.62892e-12 3.64986e-13 1.26121e-13 6.21725e-14 3.55271e-15 2.22045e-16
threshold=1.0000000180025095e-35 0.83333334326744091 1.0000000180025095e-35 0.75595238804817211 0.69615384936332714 0.77708980441093456 0.88333332538604747 0.54816615581512462 0.36602871119976049
decision_type=2 2 2 2 2 2 2 2 2
left_child=1 3 -2 5 -5 6 7 -1 -9
right_child=2 -3 -4 4 -6 -7 -8 8 -10
leaf_value=-0.050352284989947385 0.07013577035854629 -0.051174609633073576 0.07015667406087038 -0.050352216198120449 -0.050352113472964879 -0.050352239145254857 -0.050352254216055152 -0.050352284961028851 -0.0503522869402672
leaf_weight=11.963559210300437 4.2981181293725967 0.15698301978409368 4.3000172674655914 0.22922206809744317 0.13888229755684733 0.15282430034130889 0.16672464087605554 0.34737396053969938 0.15284454310312867
leaf_count=1722 21 7 21 33 20 22 24 50 22
internal_value=-0.00306353 -0.050362 0.0701462 -0.0503523 -0.0503522 -0.0503523 -0.0503523 -0.0503523 -0.0503523
internal_weight=21.9065 13.3084 8.59814 13.1514 0.368104 12.7833 12.6305 12.4638 0.500219
internal_count=1942 1900 42 1893 53 1840 1818 1794 72
is_linear=0
shrinkage=0.05


Tree=22
num_leaves=12
num_cat=0
split_feature=24 14 33 26 14 1 5 5 6 10 10
split_gain=28.5368 3.60462e-05 3.04141e-07 1.90958e-12 6.19949e-13 8.88178e-15 1.77636e-15 1.77636e-15 1.77636e-15 1.77636e-15 1.11022e-16
threshold=1.0000000180025095e-35 0.98484849929809581 1.0000000180025095e-35 0.87867647409439098 0.68214285373687755 1.0000000180025095e-35 0.60173159837722789 0.54919356107711803 0.97530490159988414 0.48610039055347448 0.36088341474533087
decision_type=2 2 2 2 2 2 2 2 2 2 2
left_child=1 3 -2 4 5 6 7 8 9 -1 -10
right_child=2 -3 -4 -5 -6 -7 -8 -9 10 -11 -12
leaf_value=-0.05033498597819891 0.068791013672030818 -0.051116010426165794 0.068771913621614181 -0.050334828229047834 -0.050334877169479764 -0.050334974172232677 -0.050334986672547433 -0.050334986594470714 -0.050334985945691746 -0.050334986004686402 -0.050334985982839156
leaf_weight=10.134449332021163 4.1694242209196091 0.14949373528361398 4.1675003618001938 0.19823301536962468 0.13217457104474384 0.13221254479140121 0.15866065723821599 0.25121270213276226 0.14543893281370479 0.76024897210300046 0.60158831579610705
leaf_count=1533 21 7 21 30 20 20 24 38 22 115 91
internal_value=-0.00305318 -0.0503442 0.0687815 -0.050335 -0.050335 -0.050335 -0.050335 -0.050335 -0.050335 -0.050335 -0.050335
internal_weight=21.0006 12.6637 8.33692 12.5142 12.316 12.1838 12.0516 11.8929 11.6417 10.8947 0.747027
internal_count=1942 1900 42 1893 1863 1843 1823 1799 1761 1648 113
is_linear=0
shrinkage=0.05


Tree=23
num_leaves=7
num_cat=0
split_feature=15 32 26 3 5 5
split_gain=26.0746 0.000293419 1.72129e-12 4.06786e-13 8.88178e-15 1.77636e-15
threshold=0.83333334326744091 1.0000000180025095e-35 0.87867647409439098 1.0000000180025095e-35 0.6198844611644746 0.58617869019508373
decision_type=2 2 2 2 2 2
left_child=2 -2 3 4 5 -1
right_child=1 -3 -4 -5 -6 -7
leaf_value=-0.050318544352393572 0.06518001894767797 0.065777642382130297 -0.050318390904707799 -0.050318466368970506 -0.050318533140314564 -0.050318543657445203
leaf_weight=11.25361218908801 4.1170072630047798 4.0985196847468615 0.18862511962652284 0.16980154393240887 0.13838539877906519 0.15726120909676033
leaf_count=1789 25 24 30 27 22 25
internal_value=-0.00304324 0.0654782 -0.0503185 -0.0503185 -0.0503185 -0.0503185
internal_weight=20.1232 8.21553 11.9077 11.7191 11.5493 11.4109
internal_count=1942 49 1893 1863 1836 1814
is_linear=0
shrinkage=0.05


Tree=24
num_leaves=13
num_cat=0
split_feature=24 14 33 26 14 0 5 5 14 26 6 26
split_gain=25.3499 4.11319e-05 3.37911e-08 1.38733e-12 4.51195e-13 5.32907e-15 1.77636e-15 1.77636e-15 1.77636e-15 1.77636e-15 2.22045e-16 5.55112e-17
threshold=1.0000000180025095e-35 0.98484849929809581 1.0000000180025095e-35 0.87867647409439098 0.68214285373687755 0.59090909361839306 0.59720873832702648 0.49657534062862402 0.36040648818016058 0.80192309617996227 0.87339743971824657 0.84646466374397289
decision_type=2 2 2 2 2 2 2 2 2 2 2 2
left_child=1 3 -2 4 5 6 7 8 9 -1 -9 -11
right_child=2 -3 -4 -5 -6 -7 -8 10 -10 11 -12 -13
leaf_value=-0.05030290881489935 0.06642509192099938 -0.051132108031644745 0.066418516982570078 -0.050302767639670593 -0.050302811261134631 -0.050302898092631901 -0.050302908929659378 -0.050302908844176077 -0.05030290979517843 -0.050302909050398803 -0.05030290883524783 -0.050302909107637329
leaf_weight=8.5113416844978804 3.9087037593126288 0.15155441872775632 3.9079133123159409 0.17948008934035975 0.11967080784961659 0.11970522161573249 0.16759322863072235 0.4548959028907128 0.27533174213022071 0.26934626000002104 1.1013269228860734 0.13168040988966823
leaf_count=1422 21 7 21 30 20 20 28 76 46 45 184 22
internal_value=-0.00303163 -0.0503139 0.0664218 -0.0503029 -0.0503029 -0.0503029 -0.0503029 -0.0503029 -0.0503029 -0.0503029 -0.0503029 -0.0503029
internal_weight=19.2985 11.4819 7.81662 11.3304 11.1509 11.0312 10.9115 10.7439 9.1877 8.91237 1.55622 0.401027
internal_count=1942 1900 42 1893 1863 1843 1823 1795 1535 1489 260 67
is_linear=0
shrinkage=0.05


Tree=25
num_leaves=6
num_cat=0
split_feature=24 15 35 27 27
split_gain=21.9837 3.03365e-05 1.45661e-12 5.77316e-13 3.55271e-15
threshold=1.0000000180025095e-35 0.83333334326744091 0.87914586067199718 0.82085561752319347 0.75735294818878185
decision_type=2 2 2 2 2
left_child=1 2 3 4 -1
right_child=-2 -3 -4 -5 -6
leaf_value=-0.050288050006866397 0.065366394798486993 -0.051075620987810925 -0.050287868979952577 -0.050287936738980125 -0.050288045401769968
leaf_weight=10.245660054031754 6.6532620191574088 0.12369533814489919 0.113832968752832 0.1138595496304341 0.14237750414758998
leaf_count=1799 37 6 20 20 25
internal_value=-0.00605211 -0.0502971 -0.050288 -0.050288 -0.050288
internal_weight=17.3927 10.7394 10.6157 10.5019 10.388
internal_count=1907 1870 1864 1844 1824
is_linear=0
shrinkage=0.05


Tree=26
num_leaves=12
num_cat=0
split_feature=14 32 35 27 5 5 7 6 35 35 20
split_gain=20.128 6.932e-06 1.247e-12 5.00933e-13 1.77636e-15 1.77636e-15 1.77636e-15 1.11022e-16 1.11022e-16 1.11022e-16 8.32667e-17
threshold=0.98484849929809581 1.0000000180025095e-35 0.87914586067199718 0.82085561752319347 0.6198844611644746 0.53849801421165477 0.40582770109176641 0.88403362035751354 0.085916932672262206 0.14123117923736575 0.43303571641445165
decision_type=2 2 2 2 2 2 2 2 2 2 2
left_child=2 -2 3 4 5 6 -1 -7 -8 -10 -6
right_child=1 -3 -4 -5 10 7 8 -9 9 -11 -12
leaf_value=-0.050273922481312572 0.062365503893320212 0.062262512051892073 -0.050273750944287071 -0.050273814461887611 -0.050273922875729328 -0.050273922538264786 -0.050273922538264938 -0.050273922538265327 -0.050273922538265375 -0.0502739230313132 -0.050273924607968569
leaf_weight=8.5456396113149751 3.3562956601381293 3.1833886709064245 0.10831091087311584 0.10833620978519398 0.1137974173761912 0.12463523400947529 0.15714877331629473 0.28720293054357171 0.39558139489963651 0.1408920050598681 0.11921643000096083
leaf_count=1577 22 21 20 20 21 23 29 53 73 26 22
internal_value=-0.0060264 0.0623154 -0.0502739 -0.0502739 -0.0502739 -0.0502739 -0.0502739 -0.0502739 -0.0502739 -0.0502739 -0.0502739
internal_weight=16.6404 6.53968 10.1008 9.99245 9.88411 9.6511 9.23926 0.411838 0.693622 0.536473 0.233014
internal_count=1907 43 1864 1844 1824 1781 1705 76 128 99 43
is_linear=0
shrinkage=0.05


Tree=27
num_leaves=9
num_cat=0
split_feature=24 14 26 14 7 10 22 14
split_gain=19.6205 3.37901e-05 7.62057e-13 2.66454e-13 3.55271e-15 1.77636e-15 2.22045e-16 1.11022e-16
threshold=1.0000000180025095e-35 0.98484849929809581 0.87867647409439098 0.68214285373687755 0.57107841968536388 0.48074144124984747 0.31009615957736975 0.23404636979103091
decision_type=2 2 2 2 2 2 2 2
left_child=1 2 3 4 5 -1 7 -7
right_child=-2 -3 -4 -5 -6 6 -8 -9
leaf_value=-0.050260490413705422 0.063524476866498245 -0.051087777531924686 -0.050260380991678545 -0.050260411771990414 -0.0502604829882006 -0.050260490353164003 -0.050260491279341957 -0.050260490634662272
leaf_weight=8.2444152426905823 6.2002613693475732 0.12503379397094327 0.16492176335305053 0.10824231104925353 0.10827197926119048 0.67027765791863281 0.14952348219230771 0.16499142395332456
leaf_count=1599 37 6 32 21 21 130 29 32
internal_value=-0.00599619 -0.0502711 -0.0502605 -0.0502605 -0.0502605 -0.0502605 -0.0502605 -0.0502605
internal_weight=15.9359 9.73568 9.61064 9.44572 9.33748 9.22921 0.984793 0.835269
internal_count=1907 1870 1864 1832 1811 1790 191 162
is_linear=0
shrinkage=0.05


Tree=28
num_leaves=9
num_cat=0
split_feature=24 14 35 27 5 5 5 5
split_gain=18.5337 2.90348e-05 9.09495e-13 3.55271e-13 1.77636e-15 1.77636e-15 1.77636e-15 5.55112e-17
threshold=1.0000000180025095e-35 0.98484849929809581 0.87914586067199718 0.82085561752319347 0.67098215222358715 0.56512606143951427 0.53229168057441723 0.54919356107711803
decision_type=2 2 2 2 2 2 2 2
left_child=1 2 3 4 5 6 -1 -8
right_child=-2 -3 -4 -5 -6 -7 7 -9
leaf_value=-0.050247722130091467 0.062692060748316569 -0.051033601657790729 -0.050247568045249352 -0.050247626520606915 -0.050247723115611369 -0.050247722779468644 -0.050247722138105244 -0.050247723522381361
leaf_weight=8.2759754601865883 5.9741865247488031 0.11905889399349767 0.098053538706154408 0.098076456226409259 0.17660666443407613 0.18151225196197707 0.19622946158051568 0.11773767694830894
leaf_count=1687 37 6 20 20 36 37 40 24
internal_value=-0.00597323 -0.0502578 -0.0502477 -0.0502477 -0.0502477 -0.0502477 -0.0502477 -0.0502477
internal_weight=15.2374 9.26325 9.14419 9.04614 8.94806 8.77145 8.58994 0.313967
internal_count=1907 1870 1864 1844 1824 1788 1751 64
is_linear=0
shrinkage=0.05


Tree=29
num_leaves=10
num_cat=0
split_feature=24 14 35 26 0 5 20 14 14
split_gain=17.5153 2.49505e-05 8.40217e-13 3.30402e-13 1.77636e-15 1.77636e-15 1.77636e-15 2.22045e-16 2.77556e-17
threshold=1.0000000180025095e-35 0.98484849929809581 0.87914586067199718 0.87867647409439098 0.59090909361839306 0.54919356107711803 0.71960785984992992 0.31102636456489569 0.18508126586675647
decision_type=2 2 2 2 2 2 2 2 2
left_child=1 2 3 4 5 6 -1 8 -7
right_child=-2 -3 -4 -5 -6 7 -8 -9 -10
leaf_value=-0.050235585107500882 0.061920800578634666 -0.050982174936625574 -0.050235432963920273 -0.050235495056662499 -0.050235583167721358 -0.050235585149854191 -0.050235584467535045 -0.050235582393389523 -0.050235585149854593
leaf_weight=7.9628917458467079 5.7518021911382684 0.11336368136107999 0.093293371144682946 0.10264833690598685 0.13069235486909825 0.1026867628097542 0.10735435737296928 0.093351607676595449 0.10735434293746948
leaf_count=1706 37 6 20 22 28 22 23 20 23
internal_value=-0.00595153 -0.0502452 -0.0502356 -0.0502356 -0.0502356 -0.0502356 -0.0502356 -0.0502356 -0.0502356
internal_weight=14.5654 8.81364 8.70027 8.60698 8.50433 8.37364 8.07025 0.303393 0.210041
internal_count=1907 1870 1864 1844 1822 1794 1729 65 45
is_linear=0
shrinkage=0.05


Tree=30
num_leaves=5
num_cat=0
split_feature=14 35 26 17
split_gain=15.769 4.51195e-13 1.19016e-13 1.77636e-15
threshold=0.98484849929809581 0.87006661295890819 0.87198275327682506 0.80845239758491527
decision_type=2 2 2 2
left_child=1 2 3 -1
right_child=-2 -3 -4 -5
leaf_value=-0.050224041803303233 0.059001590345272796 -0.050223930641619986 -0.050223989074036274 -0.050224039580230466
leaf_weight=8.0070047695189643 5.4921333286911258 0.093213818501681867 0.10655743908137161 0.08881875919178206
leaf_count=1803 42 21 24 20
internal_value=-0.00671566 -0.050224 -0.050224 -0.050224
internal_weight=13.7877 8.29559 8.20238 8.09582
internal_count=1910 1868 1847 1823
is_linear=0
shrinkage=0.05


Tree=31
num_leaves=6
num_cat=0
split_feature=24 14 35 27 5
split_gain=15.4487 2.71957e-05 3.91687e-13 1.0747e-13 1.77636e-15
threshold=1.0000000180025095e-35 0.98484849929809581 0.87006661295890819 0.80625000596046459 0.4794366210699082
decision_type=2 2 2 2 2
left_child=1 2 3 4 -1
right_child=-2 -3 -4 -5 -6
leaf_value=-0.050213067470775821 0.060563417107824619 -0.050990081599575111 -0.050212961157180491 -0.050213010739501178 -0.05021306735246206
leaf_weight=5.9914001096039993 5.1838936209678659 0.11424100399017323 0.088686608243733533 0.084482985083013662 1.7281254343688486
leaf_count=1418 36 6 21 20 409
internal_value=-0.0066855 -0.0502242 -0.0502131 -0.0502131 -0.0502131
internal_weight=13.1908 8.00694 7.8927 7.80401 7.71953
internal_count=1910 1874 1868 1847 1827
is_linear=0
shrinkage=0.05


Tree=32
num_leaves=6
num_cat=0
split_feature=24 14 35 27 5
split_gain=14.618 2.33733e-05 3.25961e-13 9.32587e-14 8.88178e-16
threshold=1.0000000180025095e-35 0.98484849929809581 0.87006661295890819 0.80625000596046459 0.84285715222358715
decision_type=2 2 2 2 2
left_child=1 2 3 4 -1
right_child=-2 -3 -4 -5 -6
leaf_value=-0.050202632395153969 0.059942644159394834 -0.050940866395009048 -0.050202532850467774 -0.050202578269196135 -0.050202632280026985
leaf_weight=7.2359871808439493 4.9808405041694641 0.10877175070345391 0.084378394298255333 0.080378978513181099 0.10853993659839023
leaf_count=1800 36 6 21 20 27
internal_value=-0.00666424 -0.0502132 -0.0502026 -0.0502026 -0.0502026
internal_weight=12.5989 7.61806 7.50928 7.42491 7.34453
internal_count=1910 1874 1868 1847 1827
is_linear=0
shrinkage=0.05


Tree=33
num_leaves=9
num_cat=0
split_feature=24 15 35 27 5 30 35 30
split_gain=13.8366 2.00892e-05 2.88658e-13 8.08242e-14 8.88178e-16 8.88178e-16 2.22045e-16 2.77556e-17
threshold=1.0000000180025095e-35 0.83333334326744091 0.87006661295890819 0.80625000596046459 0.52859479188919078 0.77598565816879284 0.22030958533287051 0.62678572535514843
decision_type=2 2 2 2 2 2 2 2
left_child=1 2 3 4 5 -1 -6 -8
right_child=-2 -3 -4 -5 6 -7 7 -9
leaf_value=-0.050192711952009285 0.059364166641451915 -0.050894136108551084 -0.050192615878319281 -0.050192660398033141 -0.050192711944298175 -0.050192707959091802 -0.050192711465200324 -0.050192710145865294
leaf_weight=6.2112695428077132 4.7829177379608154 0.10355949215590943 0.080278670415282138 0.076473578112199792 0.50868155690841366 0.10708921519108106 0.084142851876094937 0.076493525644764304
leaf_count=1624 36 6 21 20 133 28 22 20
internal_value=-0.00664413 -0.0502027 -0.0501927 -0.0501927 -0.0501927 -0.0501927 -0.0501927 -0.0501927
internal_weight=12.0309 7.24799 7.14443 7.06415 6.98768 6.31836 0.669318 0.160636
internal_count=1910 1874 1868 1847 1827 1652 175 42
is_linear=0
shrinkage=0.05


Tree=34
num_leaves=8
num_cat=0
split_feature=24 14 26 14 5 14 14
split_gain=13.1011 1.72679e-05 2.07834e-13 4.79616e-14 8.88178e-16 2.22045e-16 5.55112e-17
threshold=1.0000000180025095e-35 0.98484849929809581 0.87867647409439098 0.65686276555061351 0.46476078033447271 0.14156953990459445 0.13647911697626117
decision_type=2 2 2 2 2 2 2
left_child=1 2 3 4 -1 6 -6
right_child=-2 -3 -4 -5 5 -7 -8
leaf_value=-0.050183276594597551 0.058824450684282131 -0.050849766975289562 -0.050183204211373879 -0.050183240980991022 -0.050183276595341546 -0.050183276606144911 -0.050183276595341025
leaf_weight=4.7595616884063929 4.5903350710868835 0.098592622205614933 0.10184689471498121 0.09459075448103238 0.27291064616292704 1.4955503798555581 0.072776172310113907
leaf_count=1308 36 6 28 26 75 411 20
internal_value=-0.00662511 -0.0501928 -0.0501833 -0.0501833 -0.0501833 -0.0501833 -0.0501833
internal_weight=11.4862 6.89583 6.79724 6.69539 6.6008 1.84124 0.345687
internal_count=1910 1874 1868 1840 1814 506 95
is_linear=0
shrinkage=0.05


Tree=35
num_leaves=7
num_cat=0
split_feature=24 14 32 26 35 5
split_gain=13.3735 1.23961e-05 8.55563e-09 2.85105e-13 6.92779e-14 1.77636e-15
threshold=1.0000000180025095e-35 0.98484849929809581 1.0000000180025095e-35 0.87867647409439098 0.84005281329154979 0.32345247268676763
decision_type=2 2 2 2 2 2
left_child=1 3 -2 4 5 -1
right_child=2 -3 -4 -5 -6 -7
leaf_value=-0.050174306305627407 0.05831803421855463 -0.050807574758394085 0.058322165942864636 -0.050174219329456052 -0.050174255642538274 -0.050174306286111615
leaf_weight=0.14540168456733216 2.5680544897913933 0.078210476785898098 2.4466343224048615 0.096886426443233975 0.069219010416418203 6.1588000133633614
leaf_count=42 21 5 20 28 20 1779
internal_value=-0.00312716 -0.0501819 0.0583201 -0.0501743 -0.0501743 -0.0501743
internal_weight=11.5632 6.54852 5.01469 6.47031 6.37342 6.3042
internal_count=1915 1874 41 1869 1841 1821
is_linear=0
shrinkage=0.05


Tree=36
num_leaves=8
num_cat=0
split_feature=24 15 32 26 35 5 10
split_gain=12.6663 1.06566e-05 7.1868e-09 2.4869e-13 6.21725e-14 8.88178e-16 5.55112e-17
threshold=1.0000000180025095e-35 0.83333334326744091 1.0000000180025095e-35 0.87867647409439098 0.84005281329154979 0.53849801421165477 0.50706467032432567
decision_type=2 2 2 2 2 2 2
left_child=1 3 -2 4 5 -1 -7
right_child=2 -3 -4 -5 -6 6 -8
leaf_value=-0.050165776925660259 0.057846815424400781 -0.050767568279285191 0.057850682768598574 -0.050165693678475232 -0.050165727698253393 -0.050165776929048105 -0.05016577673037606
leaf_weight=5.6683712811209261 2.4622029662132263 0.074453253298997768 2.3457968235015869 0.092176489299163111 0.065854069078341015 0.079047594219446071 0.25031740078702569
leaf_count=1721 21 5 20 28 20 24 76
internal_value=-0.00312116 -0.050173 0.0578487 -0.0501658 -0.0501658 -0.0501658 -0.0501658
internal_weight=11.0382 6.23022 4.808 6.15577 6.06359 5.99774 0.329365
internal_count=1915 1874 41 1869 1841 1821 100
is_linear=0
shrinkage=0.05


Tree=37
num_leaves=8
num_cat=0
split_feature=24 14 32 26 35 5 5
split_gain=11.9997 9.16168e-06 6.04209e-09 2.07834e-13 4.9738e-14 8.88178e-16 2.77556e-17
threshold=1.0000000180025095e-35 0.98484849929809581 1.0000000180025095e-35 0.87867647409439098 0.84005281329154979 0.59720873832702648 0.6198844611644746
decision_type=2 2 2 2 2 2 2
left_child=1 3 -2 4 5 -1 -7
right_child=2 -3 -4 -5 -6 6 -8
leaf_value=-0.050157664498958615 0.057405781162743898 -0.05072957168915581 0.057409403388857583 -0.050157586435320346 -0.050157620068720904 -0.050157664493909196 -0.050157665201798575
leaf_weight=5.5651146420277655 2.3596573323011398 0.070873832330107578 2.2481076419353485 0.087694803718477377 0.062652199529111274 0.062670209445059188 0.078337779268622398
leaf_count=1776 21 5 20 28 20 20 25
internal_value=-0.00311546 -0.0501645 0.0574075 -0.0501577 -0.0501577 -0.0501577 -0.0501577
internal_weight=10.5351 5.92734 4.60776 5.85647 5.76877 5.70612 0.141008
internal_count=1915 1874 41 1869 1841 1821 45
is_linear=0
shrinkage=0.05


Tree=38
num_leaves=6
num_cat=0
split_feature=14 33 26 35 7
split_gain=11.0627 0.000226922 1.75859e-13 4.26326e-14 8.88178e-16
threshold=0.98484849929809581 1.0000000180025095e-35 0.87867647409439098 0.84005281329154979 0.36904762685298925
decision_type=2 2 2 2 2
left_child=2 -2 3 4 -1
right_child=1 -3 -4 -5 -6
leaf_value=-0.050149950728289899 0.055009862211804143 0.055721602744932076 -0.050149877040270657 -0.050149908858998865 -0.050149950973196938
leaf_weight=4.2958144438453019 2.1940485741943121 2.2874331437051296 0.083430375671014079 0.059605548856779822 1.1328310372773556
leaf_count=1441 23 23 28 20 380
internal_value=-0.00311004 0.0553731 -0.0501499 -0.05015 -0.05015
internal_weight=10.0532 4.48148 5.57168 5.48825 5.42865
internal_count=1915 46 1869 1841 1821
is_linear=0
shrinkage=0.05


Tree=39
num_leaves=6
num_cat=0
split_feature=24 14 32 26 35
split_gain=10.7936 9.79078e-06 2.65335e-08 1.58096e-13 3.81917e-14
threshold=1.0000000180025095e-35 0.98484849929809581 1.0000000180025095e-35 0.87867647409439098 0.84005281329154979
decision_type=2 2 2 2 2
left_child=1 3 -2 4 -1
right_child=2 -3 -4 -5 -6
leaf_value=-0.050142617786145774 0.056613636256956451 -0.050732912305525624 0.05662155667876994 -0.050142546131765955 -0.050142576690122391
leaf_weight=5.1646234905347228 2.166643850505352 0.071188751608133205 2.0653633773326874 0.079372740117832907 0.056706633418798336
leaf_count=1821 21 5 20 28 20
internal_value=-0.0031026 -0.0501504 0.0566175 -0.0501426 -0.0501426
internal_weight=9.6039 5.37189 4.23201 5.3007 5.22133
internal_count=1915 1874 41 1869 1841
is_linear=0
shrinkage=0.05


Tree=40
num_leaves=6
num_cat=0
split_feature=24 15 35 26 5
split_gain=10.3476 8.42091e-06 9.9476e-14 2.93099e-14 8.88178e-16
threshold=1.0000000180025095e-35 0.83333334326744091 0.87006661295890819 0.87198275327682506 0.48435972630977636
decision_type=2 2 2 2 2
left_child=1 2 3 4 -1
right_child=-2 -3 -4 -5 -6
leaf_value=-0.050135641477095344 0.056253062627604246 -0.050696656020316137 -0.05013557454324287 -0.050135606344168852 -0.050135642162053788
leaf_weight=4.0337976117152721 4.0509247556328773 0.067764043807983287 0.056634151842445024 0.059344140579923876 1.0253131487406788
leaf_count=1495 41 5 21 22 380
internal_value=-0.00376756 -0.0501429 -0.0501356 -0.0501356 -0.0501356
internal_weight=9.29378 5.24285 5.17509 5.11845 5.05911
internal_count=1964 1923 1918 1897 1875
is_linear=0
shrinkage=0.05


Tree=41
num_leaves=8
num_cat=0
split_feature=24 14 35 26 5 14 14
split_gain=9.81186 7.2405e-06 9.50351e-14 3.10862e-14 8.88178e-16 3.33067e-16 5.55112e-17
threshold=1.0000000180025095e-35 0.98484849929809581 0.87006661295890819 0.87198275327682506 0.53626236319541942 0.40219312906265264 0.19076117873191836
decision_type=2 2 2 2 2 2 2
left_child=1 2 3 4 -1 6 -6
right_child=-2 -3 -4 -5 5 -7 -8
leaf_value=-0.050129012611280589 0.055911018977667509 -0.050662216931050233 -0.050128945286366092 -0.050128975502468767 -0.050129012695280618 -0.050129009220098754 -0.050129012689722058
leaf_weight=4.4895620711613446 3.8763351291418076 0.064501862041652092 0.053879016544669756 0.056457171915098914 0.12834654189646233 0.092409563018009067 0.10267723794095218
leaf_count=1749 41 5 21 22 50 36 40
internal_value=-0.00376118 -0.0501359 -0.050129 -0.050129 -0.050129 -0.050129 -0.050129
internal_weight=8.86417 4.98783 4.92333 4.86945 4.813 0.323433 0.231024
internal_count=1964 1923 1918 1897 1875 126 90
is_linear=0
shrinkage=0.05


Tree=42
num_leaves=5
num_cat=0
split_feature=24 15 26 3
split_gain=9.30554 6.22604e-06 5.50671e-14 1.59872e-14
threshold=1.0000000180025095e-35 0.83333334326744091 0.87867647409439098 1.0000000180025095e-35
decision_type=2 2 2 2
left_child=1 2 3 -1
right_child=-2 -3 -4 -5
leaf_value=-0.050122701279668808 0.055589599826291129 -0.05062950234241647 -0.050122655508587799 -0.050122677595359155
leaf_weight=4.5446360814385116 3.7080639451742172 0.061394715681671985 0.068351375171914586 0.070805114461108931
leaf_count=1861 41 5 28 29
internal_value=-0.00375511 -0.0501293 -0.0501227 -0.0501227
internal_weight=8.45325 4.74519 4.68379 4.61544
internal_count=1964 1923 1918 1890
is_linear=0
shrinkage=0.05


Tree=43
num_leaves=6
num_cat=0
split_feature=24 14 35 27 6
split_gain=8.82685 5.35401e-06 5.9508e-14 1.59872e-14 8.88178e-16
threshold=1.0000000180025095e-35 0.98484849929809581 0.87006661295890819 0.80625000596046459 0.92591464519500744
decision_type=2 2 2 2 2
left_child=1 2 3 4 -1
right_child=-2 -3 -4 -5 -6
leaf_value=-0.050116700548447052 0.055287352712752584 -0.05059842639104295 -0.05011664447585204 -0.050116671305682675 -0.050116700450947821
leaf_weight=2.6670464281924069 3.5460138991475105 0.058435424230992683 0.048763413215055951 0.046451358823105582 1.6936200172640381
leaf_count=1148 41 5 21 20 729
internal_value=-0.00374936 -0.0501229 -0.0501167 -0.0501167 -0.0501167
internal_weight=8.06033 4.51432 4.45588 4.40712 4.36067
internal_count=1964 1923 1918 1897 1877
is_linear=0
shrinkage=0.05


Tree=44
num_leaves=25
num_cat=0
split_feature=24 14 35 27 6 19 5 6 6 14 6 35 35 6 5 7 6 35 6 14 35 35 35 14
split_gain=8.37411 4.60414e-06 5.77316e-14 2.04281e-14 3.55271e-15 8.88178e-16 4.44089e-16 5.55112e-16 4.44089e-16 8.88178e-16 4.44089e-16 3.33067e-16 2.77556e-16 2.22045e-16 1.11022e-16 1.38778e-16 1.11022e-16 1.11022e-16 5.55112e-17 1.11022e-16 5.55112e-17 2.77556e-17 2.77556e-17 1.38778e-17
threshold=1.0000000180025095e-35 0.98484849929809581 0.87006661295890819 0.80625000596046459 0.94201681017875682 0.85607144236564647 0.46966911852359777 0.98780488967895519 0.92206478118896495 0.38860389590263372 0.91547620296478283 0.089011397212743773 0.1889283433556557 0.94028520584106456 0.48714286088943487 0.36004273593425756 0.92591464519500744 0.038835773244500167 0.93844696879386913 0.20991031080484393 0.13966299593448642 0.033417206257581718 0.02680542599409819 0.15450000017881396
decision_type=2 2 2 2 2 2 2 2 2 2 2 2 2 2 2 2 2 2 2 2 2 2 2 2
left_child=1 2 3 4 5 8 7 11 9 10 -1 17 14 16 15 -8 23 -6 19 -18 -13 22 -9 -10
right_child=-2 -3 -4 -5 6 -7 12 21 13 -11 -12 20 -14 -15 -16 -17 18 -19 -20 -21 -22 -23 -24 -25
leaf_value=-0.050111002799772576 0.055002961345404701 -0.05056890049371604 -0.050110944576314369 -0.050110967684977505 -0.050110997914842616 -0.050110997207494214 -0.050110999614291246 -0.050111001540330963 -0.050111003072941786 -0.050110997792423721 -0.050111002992957565 -0.050111002057750736 -0.050110998655324181 -0.050110999050852201 -0.050111003072942251 -0.050111002721008983 -0.050111000155604046 -0.050110998266054613 -0.050111002666865335 -0.050111002167971701 -0.050110999802766155 -0.050111001650325088 -0.050111002413067512 -0.050111003072941487
leaf_weight=2.1792097578290868 3.3900716379284859 0.055617131292819866 0.046390337171032914 0.044190801680087932 0.28952992474660255 0.088405607268214115 0.064094408648088574 0.068514710059389472 0.053043644875287899 0.050833499059080967 0.14587002363987256 0.057463949779048562 0.079565068008378148 0.092826385982334614 0.13702941592782736 0.066304556559771299 0.16797155188396573 0.27184870606288314 0.057463949080556631 0.077355316840112209 0.046413193223997951 0.05746395094320178 0.053043645573779941 0.044203037396073341
leaf_count=986 41 5 21 20 131 40 29 31 24 23 66 26 36 42 62 30 76 123 26 35 21 26 24 20
internal_value=-0.0037439 -0.0501169 -0.050111 -0.050111 -0.050111 -0.050111 -0.050111 -0.050111 -0.050111 -0.050111 -0.050111 -0.050111 -0.050111 -0.050111 -0.050111 -0.050111 -0.050111 -0.050111 -0.050111 -0.050111 -0.050111 -0.050111 -0.050111 -0.050111
internal_weight=7.68472 4.29465 4.23904 4.19265 4.14845 2.95718 1.19127 0.844278 2.86878 2.37591 2.32508 0.665256 0.346993 0.492864 0.267428 0.130399 0.400038 0.561379 0.302791 0.245327 0.103877 0.179022 0.121558 0.0972467
internal_count=1964 1923 1918 1897 1877 1338 539 382 1298 1075 1052 301 157 223 121 59 181 254 137 111 47 81 55 44
is_linear=0
shrinkage=0.05


Tree=45
num_leaves=5
num_cat=0
split_feature=24 14 35 26
split_gain=7.45248 5.51376e-06 6.70575e-14 3.55271e-14
threshold=1.0000000180025095e-35 0.98484849929809581 0.87914586067199718 0.87867647409439098
decision_type=2 2 2 2
left_child=1 2 3 -1
right_child=-2 -3 -4 -5
leaf_value=-0.050105575146753269 0.054735497306425296 -0.050540870711156038 -0.05010551092313275 -0.050105532364944229
leaf_weight=3.8666510013863453 2.9241466298699379 0.074109758250415214 0.042026876471936592 0.048340453533455618
leaf_count=1839 37 7 20 23
internal_value=-0.00603278 -0.0501136 -0.0501056 -0.0501056
internal_weight=6.95527 4.03113 3.95702 3.91499
internal_count=1926 1889 1882 1862
is_linear=0
shrinkage=0.05


Tree=46
num_leaves=8
num_cat=0
split_feature=24 14 26 17 5 5 5
split_gain=7.07294 4.74206e-06 5.15143e-14 7.99361e-15 4.44089e-16 4.44089e-16 5.55112e-17
threshold=1.0000000180025095e-35 0.98484849929809581 0.87867647409439098 0.88333332538604747 0.51236674189567577 0.48278054594993597 0.48528139293193823
decision_type=2 2 2 2 2 2 2
left_child=1 2 3 4 5 -1 -7
right_child=-2 -3 -4 -5 -6 6 -8
leaf_value=-0.050100413624037388 0.054483264989196492 -0.05051421461164915 -0.050100369358017531 -0.050100394840760724 -0.050100413616644274 -0.05010041362053979 -0.050100413619397814
leaf_weight=2.8543427011463813 2.794085681438446 0.07053164392709721 0.067978075006976613 0.059995701536536106 0.45005404972471286 0.066007924731820711 0.26603194209747016
leaf_count=1427 37 7 34 30 225 33 133
internal_value=-0.00602358 -0.050108 -0.0501004 -0.0501004 -0.0501004 -0.0501004 -0.0501004
internal_weight=6.62903 3.83494 3.76441 3.69643 3.63644 3.18638 0.33204
internal_count=1926 1889 1882 1848 1818 1593 166
is_linear=0
shrinkage=0.05


Tree=47
num_leaves=7
num_cat=0
split_feature=24 14 35 26 5 35
split_gain=6.71357 4.0785e-06 4.70735e-14 2.35367e-14 4.44089e-16 1.38778e-17
threshold=1.0000000180025095e-35 0.98484849929809581 0.87914586067199718 0.87867647409439098 0.33568075299263006 0.032232243567705161
decision_type=2 2 2 2 2 2
left_child=1 2 3 4 5 -1
right_child=-2 -3 -4 -5 -6 -7
leaf_value=-0.050095506807295964 0.054245537853131104 -0.050488885295074608 -0.050095450017300314 -0.050095470200285035 -0.050095506842594589 -0.050095506390169603
leaf_weight=0.045668852515520331 2.6691694706678391 0.067124583758413681 0.038034933852031716 0.043748815427534171 3.3909123869379982 0.062794672208838165
leaf_count=24 37 7 20 23 1782 33
internal_value=-0.00601485 -0.0501027 -0.0500955 -0.0500955 -0.0500955 -0.0500955
internal_weight=6.31745 3.64828 3.58116 3.54312 3.49938 0.108464
internal_count=1926 1889 1882 1862 1839 57
is_linear=0
shrinkage=0.05


Tree=48
num_leaves=8
num_cat=0
split_feature=24 15 26 21 6 7 10
split_gain=6.37321 3.50782e-06 3.95239e-14 6.66134e-15 4.44089e-16 2.77556e-17 5.55112e-17
threshold=1.0000000180025095e-35 0.83333334326744091 0.87867647409439098 0.41666667163372045 0.97530490159988414 0.35388994216918951 0.39736843109130865
decision_type=2 2 2 2 2 2 2
left_child=1 2 3 4 -1 6 -6
right_child=-2 -3 -4 -5 5 -7 -8
leaf_value=-0.05009084068209816 0.054021371191044755 -0.050464810812575367 -0.050090799811820699 -0.050090822436446691 -0.050090840682914618 -0.050090840668309294 -0.050090840682038132
leaf_weight=3.0810102401301283 2.5492618158459663 0.063880570232868084 0.061520560760982224 0.052486238186247536 0.08870123408269126 0.050686427624896169 0.072409171378239989
leaf_count=1702 37 7 34 29 49 28 40
internal_value=-0.00600657 -0.0500977 -0.0500908 -0.0500908 -0.0500908 -0.0500908 -0.0500908
internal_weight=6.01996 3.47069 3.40681 3.34529 3.29281 0.211797 0.16111
internal_count=1926 1889 1882 1848 1819 117 89
is_linear=0
shrinkage=0.05


Tree=49
num_leaves=8
num_cat=0
split_feature=24 14 35 27 14 14 14
split_gain=6.05078 3.01716e-06 3.59712e-14 1.86517e-14 4.44089e-16 1.38778e-16 2.77556e-17
threshold=1.0000000180025095e-35 0.98484849929809581 0.87914586067199718 0.82085561752319347 0.36647103726863867 0.39476037025451666 0.61469262838363659
decision_type=2 2 2 2 2 2 2
left_child=1 2 3 4 -1 -6 -7
right_child=-2 -3 -4 -5 5 6 -8
leaf_value=-0.050086404274548829 0.053809893826818771 -0.050441937465466435 -0.050086352194379527 -0.050086368955896035 -0.050086404038877347 -0.050086400273789168 -0.050086401659950791
leaf_weight=3.0171052662190068 2.4342219904065132 0.060791937634348758 0.034421524847857543 0.037871223292313405 0.056829039938747772 0.051662032259628177 0.043052361463196576
leaf_count=1752 37 7 20 22 33 30 25
internal_value=-0.00599871 -0.0500929 -0.0500864 -0.0500864 -0.0500864 -0.0500864 -0.0500864
internal_weight=5.73596 3.30173 3.24094 3.20652 3.16865 0.151543 0.0947144
internal_count=1926 1889 1882 1862 1840 88 55
is_linear=0
shrinkage=0.05


Tree=50
num_leaves=5
num_cat=0
split_feature=24 14 26 17
split_gain=5.98265 1.86716e-06 2.22045e-14 3.55271e-15
threshold=1.0000000180025095e-35 0.98484849929809581 0.89827585220336925 0.88333332538604747
decision_type=2 2 2 2
left_child=1 2 3 -1
right_child=-2 -3 -4 -5
leaf_value=-0.050082178862402682 0.053610139421918106 -0.050420434812977678 -0.05008214154969988 -0.050082166151974486
leaf_weight=2.9799547569127767 2.5122315287590027 0.041345504112541565 0.040936702513135859 0.05405128770507861
leaf_count=1819 40 5 25 33
internal_value=-0.00380267 -0.0500867 -0.0500822 -0.0500822
internal_weight=5.62852 3.11629 3.07494 3.03401
internal_count=1922 1882 1877 1852
is_linear=0
shrinkage=0.05


Tree=51
num_leaves=6
num_cat=0
split_feature=14 32 35 26 5
split_gain=5.51384 0.000811071 2.44249e-14 1.24345e-14 4.44089e-16
threshold=0.98484849929809581 1.0000000180025095e-35 0.87006661295890819 0.88945233821868908 0.84285715222358715
decision_type=2 2 2 2 2
left_child=2 -2 3 4 -1
right_child=1 -3 -4 -5 -6
leaf_value=-0.050078168483755674 0.050885373716850493 0.052712711989660856 -0.050078124923814596 -0.050078137456243579 -0.050078167293487491
leaf_weight=2.8192590817343457 1.2897761575877666 1.1474938075989485 0.032710464904084691 0.03427331568673242 0.038961612153798231
leaf_count=1809 25 20 21 22 25
internal_value=-0.00379874 0.0517457 -0.0500782 -0.0500782 -0.0500782
internal_weight=5.36247 2.43727 2.9252 2.89249 2.85822
internal_count=1922 45 1877 1856 1834
is_linear=0
shrinkage=0.05


Tree=52
num_leaves=5
num_cat=0
split_feature=24 14 35 26
split_gain=5.40298 1.95745e-06 1.90958e-14 1.06581e-14
threshold=1.0000000180025095e-35 0.98484849929809581 0.87006661295890819 0.87867647409439098
decision_type=2 2 2 2
left_child=1 2 3 -1
right_child=-2 -3 -4 -5
leaf_value=-0.050074349340482743 0.053249110807111082 -0.050420789449120908 -0.050074309285302855 -0.050074322134970845
leaf_weight=2.716061192331837 2.291764173656702 0.041379270143806823 0.031117467791773268 0.035568699240684398
leaf_count=1832 40 5 21 24
internal_value=-0.00379137 -0.0500794 -0.0500743 -0.0500743
internal_weight=5.11589 2.82413 2.78275 2.75163
internal_count=1922 1882 1877 1856
is_linear=0
shrinkage=0.05


Tree=53
num_leaves=5
num_cat=0
split_feature=24 14 35 26
split_gain=5.13125 1.68374e-06 1.73195e-14 1.02141e-14
threshold=1.0000000180025095e-35 0.98484849929809581 0.87006661295890819 0.87867647409439098
decision_type=2 2 2 2
left_child=1 2 3 -1
right_child=-2 -3 -4 -5
leaf_value=-0.050070718638962931 0.053080625653560469 -0.05040009428424358 -0.05007067952084733 -0.050070691674095794
leaf_weight=2.5837799714645384 2.1867382600903511 0.039376932196318992 0.029601942165754624 0.033836384885944315
leaf_count=1832 40 5 21 24
internal_value=-0.00378782 -0.0500755 -0.0500707 -0.0500707
internal_weight=4.87333 2.6866 2.64722 2.61762
internal_count=1922 1882 1877 1856
is_linear=0
shrinkage=0.05


Tree=54
num_leaves=9
num_cat=0
split_feature=14 33 26 35 10 17 10 17
split_gain=4.71648 0.000824137 1.73195e-14 6.21725e-15 4.44089e-16 4.44089e-16 1.38778e-17 1.38778e-17
threshold=0.98484849929809581 1.0000000180025095e-35 0.88945233821868908 0.84005281329154979 0.30662393569946295 0.33466666936874395 0.28370222449302679 0.42945699393749243
decision_type=2 2 2 2 2 2 2 2
left_child=2 -2 3 4 6 -6 -1 -7
right_child=1 -3 -4 -5 5 7 -8 -9
leaf_value=-0.050067267826860745 0.052144611659322632 0.050171099708196609 -0.050067234139014288 -0.05006724507486391 -0.050067267682615879 -0.050067264178079975 -0.050067267826862022 -0.05006726519475805
leaf_weight=0.040249989833683997 0.99814127990975987 1.1255207639187574 0.040232756990007945 0.030849636415950843 2.268757779616863 0.069766366388648637 0.033541658194735646 0.034883045358583331
leaf_count=30 20 25 30 23 1691 52 25 26
internal_value=-0.00378444 0.0510987 -0.0500673 -0.0500673 -0.0500673 -0.0500673 -0.0500673 -0.0500673
internal_weight=4.64194 2.12366 2.51828 2.47805 2.4472 2.37341 0.0737916 0.104649
internal_count=1922 45 1877 1847 1824 1769 55 78
is_linear=0
shrinkage=0.05


Tree=55
num_leaves=6
num_cat=0
split_feature=24 14 33 26 35
split_gain=4.84785 2.78209e-06 1.12077e-08 1.46549e-14 7.10543e-15
threshold=1.0000000180025095e-35 0.98484849929809581 1.0000000180025095e-35 0.87867647409439098 0.86153501272201549
decision_type=2 2 2 2 2
left_child=1 3 -2 4 -1
right_child=2 -3 -4 -5 -6
leaf_value=-0.050063980674968492 0.052772009191214664 -0.050400434138925289 0.052779259704445691 -0.050063948190370383 -0.050063954982347919
leaf_weight=2.3369312336435555 0.99537625908851635 0.063055675476789363 1.1473612785339355 0.036995360394939669 0.025517087895423063
leaf_count=1831 20 8 23 29 20
internal_value=-0.00221896 -0.0500726 0.0527759 -0.050064 -0.050064
internal_weight=4.60524 2.4625 2.14274 2.39944 2.36245
internal_count=1931 1888 43 1880 1851
is_linear=0
shrinkage=0.05


Tree=56
num_leaves=7
num_cat=0
split_feature=24 15 32 35 27 0
split_gain=4.60495 2.39332e-06 9.58116e-09 8.43769e-15 5.77316e-15 4.44089e-16
threshold=1.0000000180025095e-35 0.83333334326744091 1.0000000180025095e-35 0.87006661295890819 0.82085561752319347 0.59090909361839306
decision_type=2 2 2 2 2 2
left_child=1 3 -2 4 5 -1
right_child=2 -3 -4 -5 -6 -7
leaf_value=-0.05006085215629219 0.052636378043335798 -0.05038075368592751 0.052629513617933402 -0.050060822882007722 -0.050060828526818105 -0.050060855280558217
leaf_weight=2.1939534223638493 1.0942915901541712 0.060003254562616237 0.94932995736598957 0.026696833781897911 0.026700002141296753 0.035210140049457439
leaf_count=1807 23 8 20 22 22 29
internal_value=-0.00221778 -0.050069 0.0526332 -0.0500609 -0.0500609 -0.0500609
internal_weight=4.38619 2.34256 2.04362 2.28256 2.25586 2.22916
internal_count=1931 1888 43 1880 1858 1836
is_linear=0
shrinkage=0.05


Tree=57
num_leaves=6
num_cat=0
split_feature=3 32 14 26 20
split_gain=4.22198 0.000189403 2.05787e-06 9.32587e-15 4.44089e-16
threshold=1.0000000180025095e-35 1.0000000180025095e-35 0.98484849929809581 0.87867647409439098 0.71960785984992992
decision_type=2 2 2 2 2
left_child=2 -2 3 4 -1
right_child=1 -3 -4 -5 -6
leaf_value=-0.050057885379808875 0.051046928779863047 0.050068161556786034 -0.050362045712660168 -0.050057857188387768 -0.050057882194478945
leaf_weight=2.0651290977839394 1.0585448066703973 0.92723070317879308 0.057097528129815944 0.030016531702130922 0.039268971304409095
leaf_count=1788 36 39 8 26 34
internal_value=-0.00221666 0.0505899 -0.0500658 -0.0500579 -0.0500579
internal_weight=4.17729 1.98578 2.19151 2.13441 2.1044
internal_count=1931 75 1856 1848 1822
is_linear=0
shrinkage=0.05


Tree=58
num_leaves=5
num_cat=0
split_feature=3 32 14 26
split_gain=4.00381 0.000214724 1.7704e-06 4.88498e-15
threshold=1.0000000180025095e-35 1.0000000180025095e-35 0.98484849929809581 0.89827585220336925
decision_type=2 2 2 2
left_child=2 -2 3 -1
right_child=1 -3 -4 -5
leaf_value=-0.050055054336909571 0.050778174392278545 0.049712906888260661 -0.050344264128375352 -0.050055031697185504
leaf_weight=2.0073674074374148 1.0121152243809777 0.88815487385727454 0.054331548511981853 0.023062342312186845
leaf_count=1827 36 39 8 21
internal_value=-0.00221389 0.0502803 -0.0500626 -0.0500551
internal_weight=3.98503 1.90027 2.08476 2.03043
internal_count=1931 75 1856 1848
is_linear=0
shrinkage=0.05


Tree=59
num_leaves=22
num_cat=0
split_feature=24 14 3 32 26 6 6 7 6 19 6 6 6 6 7 7 7 7 7 7 7
split_gain=3.96373 1.52118e-06 2.16156e-09 2.78146e-10 6.43929e-15 1.11022e-15 4.44089e-16 3.88578e-16 2.22045e-16 2.22045e-16 5.55112e-17 8.32667e-17 5.55112e-17 4.16334e-17 2.77556e-17 2.77556e-17 2.77556e-17 1.38778e-17 1.38778e-17 1.38778e-17 6.93889e-18
threshold=1.0000000180025095e-35 0.98484849929809581 1.0000000180025095e-35 1.0000000180025095e-35 0.87867647409439098 0.94028520584106456 0.98780488967895519 0.36004273593425756 0.93844696879386913 0.86190477013587963 0.96922349929809581 0.97259759902954113 0.94804319739341747 0.97182539105415355 0.24283374845981601 0.36388888955116278 0.41565039753913885 0.29864865541458135 0.30151516199111944 0.31009615957736975 0.24283374845981601
decision_type=2 2 2 2 2 2 2 2 2 2 2 2 2 2 2 2 2 2 2 2 2
left_child=1 2 4 -2 5 8 7 10 9 -1 12 13 14 18 -7 17 -9 -8 -12 -14 -13
right_child=3 -3 -4 -5 -6 6 15 16 -10 -11 11 20 19 -15 -16 -17 -18 -19 -20 -21 -22
leaf_value=-0.050052371456270478 0.052259048882108243 -0.050327361896754741 -0.050063992602279964 0.052257795065851702 -0.050052345757894939 -0.050052367320134586 -0.050052371376078368 -0.050052371608528004 -0.050052371608527171 -0.050052366029639805 -0.050052367825552196 -0.050052367094670619 -0.050052366337703637 -0.050052370848311704 -0.050052366462064707 -0.050052369514370115 -0.050052369490888926 -0.050052371343054784 -0.050052368582147511 -0.050052366485636948 -0.050052366033617228
leaf_weight=1.2678201853996145 0.95126222446560882 0.051698686555027851 0.040850583696737774 0.82676611840724945 0.027162996469996759 0.027175043011084088 0.07525395939592272 0.049124112003482878 0.024039459065534063 0.022994269500486442 0.029265430639497936 0.021949073649011552 0.057485669036395848 0.022994265542365611 0.1087001747218892 0.03135506936814636 0.030310625326819718 0.021949071437120438 0.036581787746399641 0.038672177237458527 0.038672177586704493
leaf_count=1213 23 8 32 20 26 26 72 47 23 22 28 21 55 22 104 30 29 21 35 37 37
internal_value=-0.002211 -0.0500596 -0.0500526 0.0522585 -0.0500524 -0.0500524 -0.0500524 -0.0500524 -0.0500524 -0.0500524 -0.0500524 -0.0500524 -0.0500524 -0.0500524 -0.0500524 -0.0500524 -0.0500524 -0.0500524 -0.0500524 -0.0500524 -0.0500524
internal_weight=3.80208 2.02405 1.97236 1.77803 1.93151 1.90434 0.589489 0.460931 1.31485 1.29081 0.381496 0.149463 0.232033 0.0888415 0.135875 0.128558 0.0794347 0.097203 0.0658472 0.0961578 0.0606213
internal_count=1931 1888 1880 43 1848 1822 564 441 1258 1235 365 143 222 85 130 123 76 93 63 92 58
is_linear=0
shrinkage=0.05


Tree=60
num_leaves=9
num_cat=0
split_feature=24 14 0 30 26 5 14 27
split_gain=3.39978 1.14967e-06 8.38427e-10 1.21667e-10 3.9968e-15 2.22045e-16 1.11022e-16 2.77556e-17
threshold=1.0000000180025095e-35 0.98484849929809581 0.59090909361839306 0.63397127389907848 0.87198275327682506 0.52240803837776195 0.35279712080955511 0.31698563694953924
decision_type=2 2 2 2 2 2 2 2
left_child=1 2 4 -4 5 -1 7 -7
right_child=-2 -3 3 -5 -6 6 -8 -9
leaf_value=-0.050049814349848044 0.052143465653926746 -0.050311344650620517 -0.050058499530612713 -0.050053662915920963 -0.050049790905603186 -0.050049814400523834 -0.050049810580342337 -0.050049814400521891
leaf_weight=1.6206579748541114 1.4190216138958931 0.043050441425293795 0.027825077180750557 0.024408901226706803 0.01987757219467301 0.13024919817689795 0.019885379704646766 0.021873911144211888
leaf_count=1630 36 7 24 23 20 131 20 22
internal_value=-0.00646418 -0.0500559 -0.05005 -0.0500562 -0.0500498 -0.0500498 -0.0500498 -0.0500498
internal_weight=3.32685 1.90783 1.86478 0.052234 1.81254 1.79267 0.172008 0.152123
internal_count=1913 1877 1870 47 1823 1803 173 153
is_linear=0
shrinkage=0.05


Tree=61
num_leaves=7
num_cat=0
split_feature=24 14 3 26 5 7
split_gain=3.23076 9.89102e-07 1.25773e-09 2.66454e-15 2.22045e-16 2.77556e-17
threshold=1.0000000180025095e-35 0.98484849929809581 1.0000000180025095e-35 0.87867647409439098 0.53033089637756359 0.54330065846443187
decision_type=2 2 2 2 2 2
left_child=1 2 3 4 -1 -6
right_child=-2 -3 -4 -5 5 -7
leaf_value=-0.050047381065905776 0.052034560914363148 -0.050296066790171026 -0.050057900577394836 -0.050047363475799737 -0.050047381068008878 -0.050047379056621849
leaf_weight=1.5870900910813359 1.352568831294775 0.040962972212582938 0.028883177670650073 0.024582575075328239 0.11444451723946247 0.018915716500487179
leaf_count=1678 36 7 25 26 121 20
internal_value=-0.00645949 -0.0500532 -0.0500476 -0.0500474 -0.0500474 -0.0500474
internal_weight=3.16745 1.81488 1.77392 1.74503 1.72045 0.13336
internal_count=1913 1877 1870 1845 1819 141
is_linear=0
shrinkage=0.05


Tree=62
num_leaves=8
num_cat=0
split_feature=24 14 3 26 0 14 14
split_gain=3.0703 8.50969e-07 1.08192e-09 2.88658e-15 2.22045e-16 5.55112e-17 1.38778e-17
threshold=1.0000000180025095e-35 0.98484849929809581 1.0000000180025095e-35 0.87867647409439098 0.087121214717626586 0.37273563444614416 0.13560539484024051
decision_type=2 2 2 2 2 2 2
left_child=1 2 3 4 -1 6 -6
right_child=-2 -3 -4 -5 5 -7 -8
leaf_value=-0.050045069136871637 0.051931399836573133 -0.05028154379436911 -0.050055072423091533 -0.050045050925561579 -0.050045069250017782 -0.050045066266510278 -0.050045069250019752
leaf_weight=1.4989579847315324 1.2890945374965668 0.038976154755801073 0.02747604134492565 0.023384721891488769 0.017994693480431923 0.020693200931418687 0.098970814142376184
leaf_count=1666 36 7 25 26 20 23 110
internal_value=-0.00645504 -0.0500506 -0.0500452 -0.0500451 -0.0500451 -0.0500451 -0.0500451
internal_weight=3.01555 1.72645 1.68748 1.66 1.63662 0.137659 0.116966
internal_count=1913 1877 1870 1845 1819 153 130
is_linear=0
shrinkage=0.05


Tree=63
num_leaves=7
num_cat=0
split_feature=24 15 3 26 7 7
split_gain=2.91794 7.32186e-07 9.3194e-10 1.33227e-15 2.22045e-16 2.77556e-17
threshold=1.0000000180025095e-35 0.83333334326744091 1.0000000180025095e-35 0.89827585220336925 0.22967033088207248 0.20294117927551272
decision_type=2 2 2 2 2 2
left_child=1 2 3 4 5 -1
right_child=-2 -3 -4 -5 -6 -7
leaf_value=-0.050042865618630306 0.051833660600580991 -0.050267739742666739 -0.050052384782672238 -0.050042852047324698 -0.050042865798584794 -0.050042865720636501
leaf_weight=0.028244396438822039 1.2284785062074661 0.037085189949721209 0.026137387147173174 0.017111419700086006 1.4199206124758346 0.11383347725495696
leaf_count=33 36 7 25 20 1659 133
internal_value=-0.00645082 -0.0500481 -0.050043 -0.0500429 -0.0500429 -0.0500429
internal_weight=2.87081 1.64233 1.60525 1.57911 1.562 0.142078
internal_count=1913 1877 1870 1845 1825 166
is_linear=0
shrinkage=0.05


Tree=64
num_leaves=6
num_cat=0
split_feature=24 14 3 27 14
split_gain=2.77328 6.29947e-07 8.0142e-10 1.11022e-15 4.44089e-16
threshold=1.0000000180025095e-35 0.98484849929809581 1.0000000180025095e-35 0.81534090638160717 0.44909332692623144
decision_type=2 2 2 2 2
left_child=1 2 3 4 -1
right_child=-2 -3 -4 -5 -6
leaf_value=-0.05004077559041429 0.051741032705004547 -0.050254612841083159 -0.050049826014184666 -0.050040760957501457 -0.05004077178565134
leaf_weight=1.4590136011247521 1.1706040538847446 0.035285505931824557 0.024863890721462556 0.017905789602082112 0.025237633613869437
leaf_count=1792 36 7 25 22 31
internal_value=-0.0064468 -0.0500457 -0.0500409 -0.0500408 -0.0500408
internal_weight=2.73291 1.56231 1.52702 1.50216 1.48425
internal_count=1913 1877 1870 1845 1823
is_linear=0
shrinkage=0.05


Tree=65
num_leaves=6
num_cat=0
split_feature=24 14 3 27 10
split_gain=2.7313 6.16997e-07 9.05688e-10 1.33227e-15 4.44089e-16
threshold=1.0000000180025095e-35 0.98484849929809581 1.0000000180025095e-35 0.82085561752319347 0.34248121082782751
decision_type=2 2 2 2 2
left_child=1 2 3 4 -1
right_child=-2 -3 -4 -5 -6
leaf_value=-0.050038783654783016 0.051653245094091665 -0.050242095393492961 -0.050047391960833437 -0.05003876805370884 -0.050038783691656374
leaf_weight=0.25171367899747554 1.1773211881518364 0.0383626800030471 0.031219460070133098 0.015483234368730225 1.1664007339277302
leaf_count=325 38 8 33 20 1506
internal_value=-0.00537694 -0.0500442 -0.050039 -0.0500388 -0.0500388
internal_weight=2.6805 1.50318 1.46482 1.4336 1.41811
internal_count=1930 1892 1884 1851 1831
is_linear=0
shrinkage=0.05


Tree=66
num_leaves=6
num_cat=0
split_feature=24 14 3 26 6
split_gain=2.59607 5.30837e-07 7.78579e-10 2.22045e-15 2.22045e-16
threshold=1.0000000180025095e-35 0.98484849929809581 1.0000000180025095e-35 0.87867647409439098 0.75304877758026134
decision_type=2 2 2 2 2
left_child=1 2 3 4 -1
right_child=-2 -3 -4 -5 -6
leaf_value=-0.050036895407129169 0.051570016707480439 -0.050230229893596351 -0.050045078380815913 -0.050036878626785443 -0.050036895214609273
leaf_weight=0.044942223583347984 1.1216643117368221 0.036500111222267262 0.029698207275941857 0.0206216366495936 1.2981666174018753
leaf_count=61 38 8 33 28 1762
internal_value=-0.005374 -0.050042 -0.0500371 -0.0500369 -0.0500369
internal_weight=2.55159 1.42993 1.39343 1.36373 1.34311
internal_count=1930 1892 1884 1851 1823
is_linear=0
shrinkage=0.05


Tree=67
num_leaves=7
num_cat=0
split_feature=24 14 0 30 26 5
split_gain=2.46763 4.56778e-07 4.21732e-10 5.3092e-11 8.88178e-16 2.22045e-16
threshold=1.0000000180025095e-35 0.98484849929809581 0.59090909361839306 0.63397127389907848 0.87198275327682506 0.38295729458332067
decision_type=2 2 2 2 2 2
left_child=1 2 4 -4 5 -1
right_child=-2 -3 3 -5 -6 -7
leaf_value=-0.050035090076191308 0.051491102212926354 -0.05021895248223579 -0.050041700822677115 -0.050038238044709249 -0.050035075868528393 -0.05003508994411722
leaf_weight=0.25370779895456497 1.0685540027916431 0.034727580845356099 0.023193899425677844 0.021175108791794628 0.014010813727509119 1.013429503131192
leaf_count=362 38 8 28 28 20 1446
internal_value=-0.00537119 -0.0500399 -0.0500353 -0.05004 -0.0500351 -0.0500351
internal_weight=2.4288 1.36024 1.32552 0.044369 1.28115 1.26714
internal_count=1930 1892 1884 56 1828 1808
is_linear=0
shrinkage=0.05


Tree=68
num_leaves=16
num_cat=0
split_feature=24 14 0 30 6 30 6 5 5 5 35 5 5 14 30
split_gain=2.34563 3.9303e-07 3.62735e-10 4.57079e-11 6.66134e-16 4.44089e-16 2.22045e-16 2.22045e-16 1.11022e-16 1.11022e-16 1.11022e-16 1.38778e-17 1.38778e-17 1.38778e-17 6.93889e-18
threshold=1.0000000180025095e-35 0.98484849929809581 0.59090909361839306 0.63397127389907848 0.94028520584106456 0.83314794301986705 0.98780488967895519 0.47824259102344518 0.59720873832702648 0.51592165231704723 0.096075937151908888 0.53849801421165477 0.53229168057441723 0.11698025465011598 0.31414473056793218
decision_type=2 2 2 2 2 2 2 2 2 2 2 2 2 2 2
left_child=1 2 4 -4 5 8 7 10 9 -1 -6 -9 14 -8 -11
right_child=-2 -3 3 -5 6 -7 13 11 -10 12 -12 -13 -14 -15 -16
leaf_value=-0.050033378025527812 0.051416266382439173 -0.050208229146881181 -0.050039665646555591 -0.050036371409981462 -0.050033382238688619 -0.050033368788217472 -0.05003337793327968 -0.050033378398460004 -0.050033379024390229 -0.050033378024227929 -0.050033378587711855 -0.050033378150967395 -0.050033377933048788 -0.050033378025032653 -0.050033377932938376
leaf_weight=0.74136000353610121 1.0178820751607418 0.033040774986147992 0.022063594311475643 0.020143118861597031 0.19400726450840011 0.013329549983609468 0.013333832612261176 0.050001872994471341 0.016000599251128733 0.032001198269426823 0.026000463811215013 0.01333383284509182 0.033334581763483584 0.063335705199278891 0.022667515673674643
leaf_count=1112 38 8 28 28 291 20 20 75 24 48 39 20 50 95 34
internal_value=-0.00536853 -0.050038 -0.0500335 -0.0500381 -0.0500334 -0.0500334 -0.0500334 -0.0500334 -0.0500334 -0.0500334 -0.0500334 -0.0500334 -0.0500334 -0.0500334 -0.0500334
internal_weight=2.31184 1.29395 1.26091 0.0422067 1.21871 0.858693 0.360013 0.283343 0.845364 0.829363 0.220008 0.0633357 0.0880033 0.0766695 0.0546687
internal_count=1930 1892 1884 56 1828 1288 540 425 1268 1244 330 95 132 115 82
is_linear=0
shrinkage=0.05


Tree=69
num_leaves=6
num_cat=0
split_feature=3 32 14 26 14
split_gain=2.12734 0.000106559 3.38616e-07 6.66134e-16 2.22045e-16
threshold=1.0000000180025095e-35 1.0000000180025095e-35 0.98484849929809581 0.88945233821868908 0.093125592917203917
decision_type=2 2 2 2 2
left_child=2 -2 3 4 -1
right_child=1 -3 -4 -5 -6
leaf_value=-0.050031747287551748 0.049233994968771615 0.048198011278299119 -0.050198031634932333 -0.050031738346867027 -0.050031747360728213
leaf_weight=0.070395850867498999 0.5212699946714564 0.47383881959831342 0.031435580924153217 0.017117226496338733 1.0863781747757455
leaf_count=111 34 37 8 27 1713
internal_value=-0.005366 0.0487407 -0.0500361 -0.0500317 -0.0500317
internal_weight=2.20044 0.995109 1.20533 1.17389 1.15677
internal_count=1930 71 1859 1851 1824
is_linear=0
shrinkage=0.05


Tree=70
num_leaves=5
num_cat=0
split_feature=24 14 3 26
split_gain=2.11205 2.19094e-07 1.0941e-09 6.66134e-16
threshold=1.0000000180025095e-35 0.98484849929809581 1.0000000180025095e-35 0.87867647409439098
decision_type=2 2 2 2
left_child=1 2 3 -1
right_child=-2 -3 -4 -5
leaf_value=-0.050030199674796508 0.051281305124280009 -0.050188263319934735 -0.050040732766156781 -0.050030189680545102
leaf_weight=1.0937550243106673 0.9257361702620982 0.022422632668167242 0.025213151820935198 0.016283085802569874
leaf_count=1813 38 6 31 27
internal_value=-0.00501558 -0.0500335 -0.0500304 -0.0500302
internal_weight=2.08341 1.15767 1.13525 1.11004
internal_count=1915 1877 1871 1840
is_linear=0
shrinkage=0.05


Tree=71
num_leaves=7
num_cat=0
split_feature=24 14 3 26 14 14
split_gain=2.00783 1.88524e-07 9.40933e-10 1.11022e-15 2.22045e-16 1.249e-16
threshold=1.0000000180025095e-35 0.98484849929809581 1.0000000180025095e-35 0.87867647409439098 0.34217117726802831 0.40219312906265264
decision_type=2 2 2 2 2 2
left_child=1 2 3 4 -1 -6
right_child=-2 -3 -4 -5 5 -7
leaf_value=-0.050028729601452188 0.051217250770927161 -0.050179050155040178 -0.050038744522393964 -0.050028715836017562 -0.050028729101341124 -0.050028724425915362
leaf_weight=0.97846338403178357 0.8816609662026168 0.021332886070012935 0.023984420928172656 0.015489395125768968 0.039597643190063536 0.02238076098728925
leaf_count=1705 38 6 31 27 69 39
internal_value=-0.00501347 -0.0500319 -0.050029 -0.0500287 -0.0500287 -0.0500287
internal_weight=1.98291 1.10125 1.07992 1.05593 1.04044 0.0619784
internal_count=1915 1877 1871 1840 1813 108
is_linear=0
shrinkage=0.05


Tree=72
num_leaves=10
num_cat=0
split_feature=24 14 3 22 27 14 14 14 14
split_gain=1.90881 1.62223e-07 8.09809e-10 6.66134e-16 3.33067e-16 1.11022e-16 5.55112e-17 2.77556e-17 2.77556e-17
threshold=1.0000000180025095e-35 0.98484849929809581 1.0000000180025095e-35 0.75595238804817211 0.77708980441093456 0.21499294787645343 0.40219312906265264 0.3267300426959992 0.31183180212974554
decision_type=2 2 2 2 2 2 2 2 2
left_child=1 2 3 4 5 -1 7 8 -7
right_child=-2 -3 -4 -5 -6 6 -8 -9 -10
leaf_value=-0.050027328220995128 0.051156475304486006 -0.050170287302346829 -0.050036854177803125 -0.05002731947933399 -0.050027319698410566 -0.050027328180248389 -0.050027324666627959 -0.050027328082463074 -0.050027328002350206
leaf_weight=0.70967691723490112 0.83963305316865455 0.020295923575758823 0.022815527219790854 0.017465081298723817 0.010916507104411721 0.19488819991238415 0.017468901991378516 0.040942899766378105 0.01310172799276188
leaf_count=1300 38 6 31 32 20 357 32 75 24
internal_value=-0.00501147 -0.0500303 -0.0500275 -0.0500273 -0.0500273 -0.0500273 -0.0500273 -0.0500273 -0.0500273
internal_weight=1.8872 1.04757 1.02728 1.00446 0.986995 0.976079 0.266402 0.248933 0.20799
internal_count=1915 1877 1871 1840 1808 1788 488 456 381
is_linear=0
shrinkage=0.05


Tree=73
num_leaves=6
num_cat=0
split_feature=24 15 3 26 17
split_gain=1.81472 1.39593e-07 6.97006e-10 9.99201e-16 1.11022e-16
threshold=1.0000000180025095e-35 0.83333334326744091 1.0000000180025095e-35 0.89827585220336925 0.42103068530559545
decision_type=2 2 2 2 2
left_child=1 2 3 4 -1
right_child=-2 -3 -4 -5 -6
leaf_value=-0.050025993562158325 0.051098802822589953 -0.050161953571586607 -0.050035054839552479 -0.050025979900506862 -0.050025989727069099
leaf_weight=0.93005636864108965 0.7995623629540205 0.019309206400066614 0.021703561709728092 0.011420216527767479 0.014020377246197313
leaf_count=1791 38 6 31 22 27
internal_value=-0.00500956 -0.0500288 -0.0500262 -0.050026 -0.050026
internal_weight=1.79607 0.99651 0.977201 0.955497 0.944077
internal_count=1915 1877 1871 1840 1818
is_linear=0
shrinkage=0.05


Tree=74
num_leaves=10
num_cat=0
split_feature=24 14 3 26 14 17 5 7 26
split_gain=1.72532 1.20119e-07 5.9961e-10 8.88178e-16 2.22045e-16 2.22045e-16 1.11022e-16 5.55112e-17 1.38778e-17
threshold=1.0000000180025095e-35 0.98484849929809581 1.0000000180025095e-35 0.89827585220336925 0.40219312906265264 0.33466666936874395 0.59720873832702648 0.30662393569946295 0.80732849240303051
decision_type=2 2 2 2 2 2 2 2 2
left_child=1 2 3 4 5 6 -1 -7 -6
right_child=-2 -3 -4 -5 8 7 -8 -9 -10
leaf_value=-0.050024727399091841 0.051044066680707517 -0.05015403062127971 -0.050033344201089326 -0.050024713643431133 -0.050024723675612864 -0.050024721498824823 -0.050024726931714364 -0.050024726265366637 -0.050024721255568172
leaf_weight=0.83976701635401696 0.76136226020753384 0.018370313569903374 0.020645754353608936 0.01086351415142417 0.010373525728937238 0.016795023577287793 0.011361553799360991 0.0098796121310442686 0.0098790242336690426
leaf_count=1700 38 6 31 22 21 34 23 20 20
internal_value=-0.00500775 -0.0500274 -0.0500249 -0.0500247 -0.0500247 -0.0500247 -0.0500247 -0.0500247 -0.0500247
internal_weight=1.7093 0.947935 0.929565 0.908919 0.898056 0.877803 0.851129 0.0266746 0.0202525
internal_count=1915 1877 1871 1840 1818 1777 1723 54 41
is_linear=0
shrinkage=0.05


Tree=75
num_leaves=6
num_cat=0
split_feature=24 14 3 26 5
split_gain=1.67297 1.20435e-07 5.485e-10 4.44089e-16 1.11022e-16
threshold=1.0000000180025095e-35 0.98484849929809581 1.0000000180025095e-35 0.89827585220336925 0.6198844611644746
decision_type=2 2 2 2 2
left_child=1 2 3 4 -1
right_child=-2 -3 -4 -5 -6
leaf_value=-0.0500235171637919 0.050992130278227292 -0.050146575324546673 -0.050031712921395882 -0.05002350853882527 -0.050023516404466319
leaf_weight=0.85051803418900818 0.74404038302600384 0.020400732289999723 0.020903729135170579 0.010803688986925408 0.0098674842447508126
leaf_count=1810 39 7 33 23 21
internal_value=-0.00465346 -0.0500265 -0.0500237 -0.0500235 -0.0500235
internal_weight=1.65653 0.912494 0.892093 0.871189 0.860386
internal_count=1933 1894 1887 1854 1831
is_linear=0
shrinkage=0.05


Tree=76
num_leaves=6
num_cat=0
split_feature=24 14 3 26 5
split_gain=1.59063 1.03635e-07 4.71736e-10 6.66134e-16 1.11022e-16
threshold=1.0000000180025095e-35 0.98484849929809581 1.0000000180025095e-35 0.86781609058380138 0.59720873832702648
decision_type=2 2 2 2 2
left_child=1 2 3 4 -1
right_child=-2 -3 -4 -5 -6
leaf_value=-0.050022371766176604 0.050942806332558113 -0.050139406409108939 -0.050030164600071841 -0.050022361778068042 -0.050022370280437878
leaf_weight=0.79564689967082813 0.70842104963958263 0.019408481428399682 0.019884841924067587 0.015193112951237708 0.017879311431897804
leaf_count=1780 39 7 33 34 40
internal_value=-0.00465197 -0.0500252 -0.0500226 -0.0500224 -0.0500224
internal_weight=1.57643 0.868013 0.848604 0.828719 0.813526
internal_count=1933 1894 1887 1854 1820
is_linear=0
shrinkage=0.05


Tree=77
num_leaves=5
num_cat=0
split_feature=24 14 3 27
split_gain=1.51238 8.91896e-08 4.06315e-10 2.22045e-16
threshold=1.0000000180025095e-35 0.98484849929809581 1.0000000180025095e-35 0.81534090638160717
decision_type=2 2 2 2
left_child=1 2 3 -1
right_child=-2 -3 -4 -5
leaf_value=-0.050021276858916698 0.050895983495094659 -0.050132590667383195 -0.050028692267258625 -0.050021270160493375
leaf_weight=0.77811782251228578 0.67447529733181 0.018464365741237998 0.018915589200332761 0.010201178200077266
leaf_count=1830 39 7 33 24
internal_value=-0.00465055 -0.0500239 -0.0500215 -0.0500213
internal_weight=1.50017 0.825699 0.807235 0.788319
internal_count=1933 1894 1887 1854
is_linear=0
shrinkage=0.05


Tree=78
num_leaves=6
num_cat=0
split_feature=24 14 3 22 26
split_gain=1.438 7.6747e-08 3.49568e-10 3.33067e-16 1.249e-16
threshold=1.0000000180025095e-35 0.98484849929809581 1.0000000180025095e-35 0.71483871340751659 0.79583334922790538
decision_type=2 2 2 2 2
left_child=1 2 3 -1 -5
right_child=-2 -3 -4 4 -6
leaf_value=-0.050020240874596548 0.050851518326375036 -0.050126105988009928 -0.050027292995348797 -0.050020240167161202 -0.050020231518447193
leaf_weight=0.73330733558395877 0.64212757162749767 0.01756606251001358 0.01799355581169948 0.0084938913933001459 0.0080861721653491259
leaf_count=1813 39 7 33 21 20
internal_value=-0.0046492 -0.0500228 -0.0500204 -0.0500202 -0.0500202
internal_weight=1.42757 0.785447 0.767881 0.749887 0.0165801
internal_count=1933 1894 1887 1854 41
is_linear=0
shrinkage=0.05


Tree=79
num_leaves=9
num_cat=0
split_feature=24 14 3 26 0 0 5 6
split_gain=1.36732 6.60488e-08 3.00941e-10 3.33067e-16 1.11022e-16 1.11022e-16 1.11022e-16 6.93889e-18
threshold=1.0000000180025095e-35 0.98484849929809581 1.0000000180025095e-35 0.88945233821868908 0.1287878826260567 0.087121214717626586 0.52383354306221019 0.95948070287704479
decision_type=2 2 2 2 2 2 2 2
left_child=1 2 3 4 5 6 -1 -7
right_child=-2 -3 -4 -5 -6 7 -8 -9
leaf_value=-0.050019251153867718 0.050809299244600516 -0.050119941221657999 -0.050025959990498831 -0.050019244899625961 -0.050019251550379056 -0.050019251090817389 -0.050019251090305132 -0.050019251090954134
leaf_weight=0.59983035206096247 0.61130538024008274 0.016711358912289143 0.017116444301791489 0.010384730354417115 0.014235540205845609 0.036166830366710201 0.040399120101938024 0.012312112376093864
leaf_count=1559 39 7 33 27 37 94 105 32
internal_value=-0.00464791 -0.0500217 -0.0500194 -0.0500193 -0.0500193 -0.0500193 -0.0500193 -0.0500193
internal_weight=1.35846 0.747156 0.730445 0.713329 0.702944 0.688708 0.640229 0.0484789
internal_count=1933 1894 1887 1854 1827 1790 1664 126
is_linear=0
shrinkage=0.05


Tree=80
num_leaves=7
num_cat=0
split_feature=3 32 14 26 6 26
split_gain=1.26367 0.000114071 5.69646e-08 2.22045e-16 1.11022e-16 1.38778e-17
threshold=1.0000000180025095e-35 1.0000000180025095e-35 0.98484849929809581 0.87867647409439098 0.80784443020820629 0.28324073553085333
decision_type=2 2 2 2 2 2
left_child=2 -2 3 4 5 -1
right_child=1 -3 -4 -5 -6 -7
leaf_value=-0.050018313369662115 0.048896099948682242 0.047547675540298193 -0.050114078325696379 -0.050018306574023785 -0.05001831334188616 -0.050018313347529923
leaf_weight=0.011711858212947845 0.31920415110653266 0.30835084745194763 0.015898149693384767 0.010243890050332993 0.57973666905309074 0.06624519862816669
leaf_count=32 33 40 7 28 1584 181
internal_value=-0.00300187 0.0482335 -0.0500205 -0.0500183 -0.0500183 -0.0500183
internal_weight=1.31139 0.627555 0.683836 0.667938 0.657694 0.0779571
internal_count=1905 73 1832 1825 1797 213
is_linear=0
shrinkage=0.05


Tree=81
num_leaves=9
num_cat=0
split_feature=24 14 3 32 14 30 17 14
split_gain=1.26412 4.88171e-08 4.65084e-10 1.0505e-10 2.22045e-16 1.11022e-16 2.42861e-17 3.46945e-18
threshold=1.0000000180025095e-35 0.98484849929809581 1.0000000180025095e-35 1.0000000180025095e-35 0.3815619051456452 0.8054054081439973 0.20966465026140216 0.44909332692623144
decision_type=2 2 2 2 2 2 2 2
left_child=1 2 4 -2 5 -1 -6 -8
right_child=3 -3 -4 -5 6 -7 7 -9
leaf_value=-0.050017421245959183 0.050732312126551049 -0.050108501643281303 -0.05002590788022894 0.050733653934310452 -0.050017418944845515 -0.050017416142603022 -0.050017414710534031 -0.050017416691924714
leaf_weight=0.60473968938458711 0.29875520803034306 0.0151244280859828 0.016563580080401152 0.28503535315394402 0.0069630370417144141 0.0080061615735758096 0.0073096700944006434 0.0083544025546871126
leaf_count=1737 21 7 32 20 20 23 21 24
internal_value=-0.00299697 -0.0500197 -0.0500176 0.050733 -0.0500174 -0.0500174 -0.0500174 -0.0500174
internal_weight=1.25085 0.667061 0.651937 0.583791 0.635373 0.612746 0.0226271 0.0156641
internal_count=1905 1864 1857 41 1825 1760 65 45
is_linear=0
shrinkage=0.05


Tree=82
num_leaves=6
num_cat=0
split_feature=24 15 3 32 26
split_gain=1.20204 4.20139e-08 4.00395e-10 9.02232e-11 2.22045e-16
threshold=1.0000000180025095e-35 0.83333334326744091 1.0000000180025095e-35 1.0000000180025095e-35 0.89827585220336925
decision_type=2 2 2 2 2
left_child=1 2 4 -2 -1
right_child=3 -3 -4 -5 -6
leaf_value=-0.050016569718575522 0.050696086632183383 -0.050103200448586342 -0.05002464344218982 0.050697361181143874 -0.050016563563437623
leaf_weight=0.59711254702415317 0.28438268881291151 0.014388284645974636 0.015756152919493616 0.27132323011755943 0.0072829142154660067
leaf_count=1803 21 7 32 20 22
internal_value=-0.00299637 -0.0500187 -0.0500168 0.0506967 -0.0500166
internal_weight=1.19025 0.63454 0.620152 0.555706 0.604395
internal_count=1905 1864 1857 41 1825
is_linear=0
shrinkage=0.05


Tree=83
num_leaves=10
num_cat=0
split_feature=24 14 0 32 27 14 14 27 19
split_gain=1.14303 3.6152e-08 2.35932e-10 7.78155e-11 2.13621e-11 2.22045e-16 1.11022e-16 9.71445e-17 1.04083e-17
threshold=1.0000000180025095e-35 0.98484849929809581 0.59090909361839306 1.0000000180025095e-35 0.52786380052566539 0.38860389590263372 0.31394787132740026 0.75735294818878185 0.67083334922790538
decision_type=2 2 2 2 2 2 2 2 2
left_child=1 2 5 -2 -4 6 -1 8 -8
right_child=3 -3 4 -5 -6 -7 7 -9 -10
leaf_value=-0.050015765231926773 0.050661674174382824 -0.050098155526260194 -0.050022733982835854 0.050662887407046713 -0.050019586122705434 -0.050015759297943933 -0.050015765085854126 -0.050015758083743991 -0.050015763125413906
leaf_weight=0.51917100616265088 0.27069228608161211 0.013687903876416385 0.01031135895755142 0.25826182216405869 0.011291371454717591 0.011969668150413781 0.023312290461035445 0.0066144465818069867 0.0072457123314961782
leaf_count=1648 21 7 23 20 30 38 74 21 23
internal_value=-0.00299581 -0.0500178 -0.050016 0.0506623 -0.0500211 -0.0500158 -0.0500158 -0.0500158 -0.0500158
internal_weight=1.13256 0.603604 0.589916 0.528954 0.0216027 0.568313 0.556343 0.0371724 0.030558
internal_count=1905 1864 1857 41 53 1804 1766 118 97
is_linear=0
shrinkage=0.05


Tree=84
num_leaves=8
num_cat=0
split_feature=24 14 3 33 26 7 19
split_gain=1.08693 3.11129e-08 2.96354e-10 6.68975e-11 3.33067e-16 1.11022e-16 1.11022e-16
threshold=1.0000000180025095e-35 0.98484849929809581 1.0000000180025095e-35 1.0000000180025095e-35 0.89827585220336925 0.21786420792341235 0.83735483884811412
decision_type=2 2 2 2 2 2 2
left_child=1 2 4 -2 5 -1 -7
right_child=3 -3 -4 -5 -6 6 -8
leaf_value=-0.050014995206049767 0.050630142055784789 -0.05009335941619443 -0.05002229691121745 0.050628989037277861 -0.050014984846000782 -0.050014995114430041 -0.050014991548619964
leaf_weight=0.018279943324159831 0.24582112208008766 0.013021551654674113 0.014257435541367158 0.25765251182019711 0.0065900411573238662 0.50584468326997012 0.016181727725779638
leaf_count=61 20 7 32 21 22 1688 54
internal_value=-0.00299528 -0.050017 -0.0500152 0.0506296 -0.050015 -0.050015 -0.050015
internal_weight=1.07765 0.574175 0.561154 0.503474 0.546896 0.540306 0.522026
internal_count=1905 1864 1857 41 1825 1803 1742
is_linear=0
shrinkage=0.05


Tree=85
num_leaves=7
num_cat=0
split_feature=14 32 1 27 10 14
split_gain=0.964884 2.69316e-05 1.89675e-10 2.01074e-11 1.11022e-16 3.46945e-18
threshold=0.98484849929809581 1.0000000180025095e-35 1.0000000180025095e-35 0.52786380052566539 0.31077373027801519 0.14024052768945697
decision_type=2 2 2 2 2 2
left_child=2 -2 4 -4 5 -1
right_child=1 -3 3 -5 -6 -7
leaf_value=-0.050014257868010593 0.049019053719636711 0.048247996472907062 -0.050020981168921799 -0.050017809805127392 -0.05001425800205353 -0.05001425786801033
leaf_weight=0.01054722536355257 0.2254124500323087 0.22758791781961918 0.0087609023612458259 0.01163692053523846 0.50654976913938299 0.0099771050736308098
leaf_count=37 21 22 21 34 1777 35
internal_value=-0.00534881 0.0486317 -0.0500144 -0.0500192 -0.0500143 -0.0500143
internal_weight=1.00047 0.453 0.547472 0.0203978 0.527074 0.0205243
internal_count=1947 43 1904 55 1849 72
is_linear=0
shrinkage=0.05


Tree=86
num_leaves=5
num_cat=0
split_feature=24 14 3 30
split_gain=0.952764 2.30573e-08 2.33381e-10 2.22045e-16
threshold=1.0000000180025095e-35 0.98484849929809581 1.0000000180025095e-35 0.83314794301986705
decision_type=2 2 2 2
left_child=1 2 3 -1
right_child=-2 -3 -4 -5
leaf_value=-0.050013566491674481 0.050570073637618708 -0.050093221509799758 -0.050020177655668609 -0.050013561642294896
leaf_weight=0.50083386283949949 0.42354338616132736 0.0092874744441360235 0.013709669874515384 0.0062349980871658764
leaf_count=1847 38 5 34 23
internal_value=-0.00534045 -0.0500151 -0.0500137 -0.0500136
internal_weight=0.953609 0.530066 0.520779 0.507069
internal_count=1947 1909 1904 1870
is_linear=0
shrinkage=0.05


Tree=87
num_leaves=7
num_cat=0
split_feature=24 14 3 0 5 5
split_gain=0.906056 1.98436e-08 2.00989e-10 5.55112e-17 5.55112e-17 6.93889e-18
threshold=1.0000000180025095e-35 0.98484849929809581 1.0000000180025095e-35 0.59090909361839306 0.51833847165107738 0.54919356107711803
decision_type=2 2 2 2 2 2
left_child=1 2 3 4 -1 -6
right_child=-2 -3 -4 -5 5 -7
leaf_value=-0.050012902327165501 0.050541961523023163 -0.050088665650243516 -0.050019192900914528 -0.050012901741505293 -0.050012902338347001 -0.050012902992447587
leaf_weight=0.42379342633648776 0.40310537070035934 0.0088353020837530494 0.013041291618719697 0.0054160782601684323 0.035853593843057752 0.017281974258366972
leaf_count=1643 38 5 34 21 139 67
internal_value=-0.00533942 -0.0500144 -0.0500131 -0.0500129 -0.0500129 -0.0500129
internal_weight=0.907327 0.504222 0.495386 0.482345 0.476929 0.0531356
internal_count=1947 1909 1904 1870 1849 206
is_linear=0
shrinkage=0.05


Tree=88
num_leaves=9
num_cat=0
split_feature=24 14 3 5 14 17 17 14
split_gain=0.86165 1.70784e-08 1.73123e-10 1.11022e-16 5.55112e-17 5.55112e-17 2.77556e-17 6.93889e-18
threshold=1.0000000180025095e-35 0.98484849929809581 1.0000000180025095e-35 0.40774038434028631 0.40219312906265264 0.31351570785045629 0.23953124880790713 0.5444324016571046
decision_type=2 2 2 2 2 2 2 2
left_child=1 2 3 5 -5 6 -1 -6
right_child=-2 -3 -4 4 7 -7 -8 -9
leaf_value=-0.050012270771954928 0.050515252460814036 -0.050084333889759171 -0.050018256922458738 -0.050012270814537622 -0.050012274904649247 -0.050012276409294926 -0.050012271543895329 -0.050012272787550952
leaf_weight=0.15433297917479649 0.38364333007484674 0.0084051077719777822 0.012405486690113321 0.27824118849821389 0.00711514160502702 0.0051526239258237174 0.0088325060205534101 0.0051520102133508772
leaf_count=629 38 5 34 1134 29 21 36 21
internal_value=-0.00533845 -0.0500137 -0.0500124 -0.0500123 -0.0500123 -0.0500123 -0.0500123 -0.0500123
internal_weight=0.86328 0.479637 0.471232 0.458826 0.290508 0.168318 0.163165 0.0122672
internal_count=1947 1909 1904 1870 1184 686 665 50
is_linear=0
shrinkage=0.05


Tree=89
num_leaves=10
num_cat=0
split_feature=24 14 3 5 5 19 26 26 5
split_gain=0.81943 1.46969e-08 1.4877e-10 1.66533e-16 5.55112e-17 5.55112e-17 1.38778e-17 1.38778e-17 6.93889e-18
threshold=1.0000000180025095e-35 0.98484849929809581 1.0000000180025095e-35 0.49253065884113317 0.46476078033447271 0.88577586412429821 0.77165243029594432 0.62188327312469494 0.48528139293193823
decision_type=2 2 2 2 2 2 2 2 2
left_child=1 2 3 4 5 -1 7 -5 -6
right_child=-2 -3 -4 6 8 -7 -8 -9 -10
leaf_value=-0.050011677515935563 0.050489869486229869 -0.050080216348489005 -0.050017366356675697 -0.050011675225936685 -0.050011676781190763 -0.050011674048872405 -0.050011674817028617 -0.05001167670285115 -0.050011675540189954
leaf_weight=0.3048183124337811 0.36511164624243975 0.0079958268906921148 0.011800668726209551 0.065585178686887957 0.035943231181590818 0.0077019247692078343 0.0091019137908006087 0.0046679599472554392 0.0086357726104324684
leaf_count=1306 38 5 34 281 154 33 39 20 37
internal_value=-0.00533753 -0.050013 -0.0500118 -0.0500117 -0.0500117 -0.0500117 -0.0500117 -0.0500117 -0.0500117
internal_weight=0.821362 0.456251 0.448255 0.436454 0.357099 0.31252 0.0793551 0.0702531 0.044579
internal_count=1947 1909 1904 1870 1530 1339 340 301 191
is_linear=0
shrinkage=0.05


Tree=90
num_leaves=8
num_cat=0
split_feature=24 14 0 30 0 14 26
split_gain=0.788898 1.75734e-08 9.54264e-11 7.9591e-12 5.55112e-17 5.55112e-17 2.08167e-17
threshold=1.0000000180025095e-35 0.98484849929809581 0.59090909361839306 0.63397127389907848 0.1287878826260567 0.34399648010730749 0.85607144236564647
decision_type=2 2 2 2 2 2 2
left_child=1 2 4 -4 5 -1 -7
right_child=-2 -3 3 -5 -6 6 -8
leaf_value=-0.050011106057947646 0.050465705787921006 -0.050076292890660672 -0.050016097165938626 -0.050013841848748054 -0.050011105230095221 -0.050011105858679406 -0.050011102198764847
leaf_weight=0.37854174153471831 0.35657562408596277 0.010648569441400468 0.0085891303751850501 0.0071837331051938227 0.0051064305298496029 0.017095442235586233 0.0048828390572452909
leaf_count=1705 39 7 27 27 23 77 22
internal_value=-0.00458154 -0.0500129 -0.0500113 -0.0500151 -0.0500111 -0.0500111 -0.0500111
internal_weight=0.788624 0.432048 0.421399 0.0157729 0.405626 0.40052 0.0219783
internal_count=1927 1888 1881 54 1827 1804 99
is_linear=0
shrinkage=0.05


Tree=91
num_leaves=8
num_cat=0
split_feature=24 26 3 5 17 26 26
split_gain=0.750257 1.51258e-08 1.13367e-10 5.55112e-17 5.55112e-17 3.46945e-18 1.73472e-18
threshold=1.0000000180025095e-35 0.98484849929809581 1.0000000180025095e-35 0.53229168057441723 0.3828530907630921 0.45887446403503424 0.77165243029594432
decision_type=2 2 2 2 2 2 2
left_child=1 2 3 4 -1 -5 -7
right_child=-2 -3 -4 5 -6 6 -8
leaf_value=-0.050010562934841199 0.05044278483804579 -0.05007256904223345 -0.050015711953689437 -0.050010562935150285 -0.05001056342611563 -0.050010563093424998 -0.050010562693860561
leaf_weight=0.3569150964030996 0.33933546580374241 0.010129967122338712 0.010991396266035736 0.017106630111811683 0.0059127599524799726 0.0057021705142688006 0.0042236632289132103
leaf_count=1690 39 7 35 81 28 27 20
internal_value=-0.00458084 -0.0500122 -0.0500107 -0.0500106 -0.0500106 -0.0500106 -0.0500106
internal_weight=0.750317 0.410982 0.400852 0.38986 0.362828 0.0270325 0.00992583
internal_count=1927 1888 1881 1846 1718 128 47
is_linear=0
shrinkage=0.05


Tree=92
num_leaves=7
num_cat=0
split_feature=24 14 0 30 19 19
split_gain=0.713517 1.30163e-08 7.07706e-11 5.89896e-12 5.55112e-17 3.46945e-18
threshold=1.0000000180025095e-35 0.98484849929809581 0.59090909361839306 0.63397127389907848 0.8468548357486726 0.89827585220336925
decision_type=2 2 2 2 2 2
left_child=1 2 4 -4 -1 -6
right_child=-2 -3 3 -5 5 -7
leaf_value=-0.050010046840251912 0.050421005809788477 -0.050069021036962751 -0.050014565211513012 -0.050012524075024573 -0.050010048251882301 -0.050010050126857122
leaf_weight=0.35658762838284019 0.32292180228978395 0.0096365880453959107 0.0077719986147712916 0.0065002774208551273 0.0044191210763528943 0.0060268059460213408
leaf_count=1775 39 7 27 27 22 30
internal_value=-0.00458018 -0.0500116 -0.0500102 -0.0500136 -0.05001 -0.05001
internal_weight=0.713864 0.390942 0.381306 0.0142723 0.367034 0.0104459
internal_count=1927 1888 1881 54 1827 52
is_linear=0
shrinkage=0.05


Tree=93
num_leaves=5
num_cat=0
split_feature=14 32 3 0
split_gain=0.642644 4.87477e-05 8.38932e-11 5.55112e-17
threshold=0.98484849929809581 1.0000000180025095e-35 1.0000000180025095e-35 0.1287878826260567
decision_type=2 2 2 2
left_child=2 -2 3 -1
right_child=1 -3 -4 -5
leaf_value=-0.050009560300255954 0.048068979706971472 0.046824863202541117 -0.050014216672531198 -0.050009558087922623
leaf_weight=0.34474116866476834 0.16919710370711982 0.1472658202983439 0.009945726691512391 0.0080259362002834678
leaf_count=1804 24 22 35 42
internal_value=-0.00457955 0.04749 -0.0500097 -0.0500096
internal_weight=0.679176 0.316463 0.362713 0.352767
internal_count=1927 46 1881 1846
is_linear=0
shrinkage=0.05


Tree=94
num_leaves=4
num_cat=0
split_feature=24 14 3
split_gain=0.647131 1.32951e-08 7.21841e-11
threshold=1.0000000180025095e-35 0.98484849929809581 1.0000000180025095e-35
decision_type=2 2 2
left_child=1 2 -1
right_child=-2 -3 -4
leaf_value=-0.050009093720523604 0.050381736960560634 -0.050068837243642444 -0.050013522298796714
leaf_weight=0.33556549249624368 0.29325824556872249 0.0096105677075684071 0.0094607957871630788
leaf_count=1846 39 7 35
internal_value=-0.00456991 -0.0500108 -0.0500092
internal_weight=0.647895 0.354637 0.345026
internal_count=1927 1888 1881
is_linear=0
shrinkage=0.05


Tree=95
num_leaves=9
num_cat=0
split_feature=24 14 32 1 30 5 14 27
split_gain=0.625659 1.14458e-08 5.56308e-11 3.88419e-11 2.3702e-12 1.11022e-16 5.55112e-17 6.93889e-18
threshold=1.0000000180025095e-35 0.98484849929809581 1.0000000180025095e-35 1.0000000180025095e-35 0.57979625463485729 0.59720873832702648 0.37672422826290136 0.77708980441093456
decision_type=2 2 2 2 2 2 2 2
left_child=1 3 -2 5 -5 6 -1 -8
right_child=2 -3 -4 4 -6 -7 7 -9
leaf_value=-0.050008651153940709 0.050362333249190476 -0.050065473684020083 0.050363727312586461 -0.050012227442706392 -0.050010852202514083 -0.050008650820675071 -0.050008649438167699 -0.050008646163842187
leaf_weight=0.30294913411489688 0.14285609126091003 0.0091424536658450961 0.14339805580675602 0.0057493871863698587 0.0068848771479679272 0.00570624871761538 0.0053604157583322376 0.0034574870369397104
leaf_count=1752 20 7 20 24 33 33 31 20
internal_value=-0.00407569 -0.0500103 0.050363 -0.0500088 -0.0500115 -0.0500087 -0.0500087 -0.0500086
internal_weight=0.625504 0.33925 0.286254 0.330108 0.0126343 0.317473 0.311767 0.0088179
internal_count=1940 1900 40 1893 57 1836 1803 51
is_linear=0
shrinkage=0.05


Tree=96
num_leaves=5
num_cat=0
split_feature=14 32 0 30
split_gain=0.561055 2.02251e-05 3.34643e-11 2.04198e-12
threshold=0.98484849929809581 1.0000000180025095e-35 0.59090909361839306 0.57979625463485729
decision_type=2 2 2 2
left_child=2 -2 -1 -4
right_child=1 -3 3 -5
leaf_value=-0.050008227592024272 0.047665259744163815 0.046816986249124622 -0.050011631181980314 -0.050010322399962927
leaf_weight=0.30199241725495085 0.13966252992395312 0.14142195088788867 0.0054690498946001753 0.006549165424075909
leaf_count=1836 23 24 24 33
internal_value=-0.00407523 0.0472385 -0.0500083 -0.0500109
internal_weight=0.595095 0.281084 0.314011 0.0120182
internal_count=1940 47 1893 57
is_linear=0
shrinkage=0.05


Tree=97
num_leaves=11
num_cat=0
split_feature=3 32 14 0 6 26 6 26 14 19
split_gain=0.537563 3.60468e-05 1.16735e-08 5.55112e-17 5.55112e-17 2.77556e-17 1.38778e-17 8.67362e-18 6.93889e-18 1.73472e-18
threshold=1.0000000180025095e-35 1.0000000180025095e-35 0.98484849929809581 0.087121214717626586 0.94201681017875682 0.84157705307006847 0.94665718078613292 0.87198275327682506 0.65686276555061351 0.4867099672555924
decision_type=2 2 2 2 2 2 2 2 2 2
left_child=2 -2 3 4 5 -1 9 -7 -5 -6
right_child=1 -3 -4 8 6 7 -8 -9 -10 -11
leaf_value=-0.050007826327729488 0.048036144954753258 0.046875616453589543 -0.050065285628754688 -0.05000782615889842 -0.050007826363490299 -0.050007825681114039 -0.050007826279139626 -0.050007822808812434 -0.050007823778474493 -0.050007826363529052
leaf_weight=0.1830628093885025 0.13272310777392704 0.13493793849193025 0.0091161850141361356 0.024877673029550351 0.0092313724453561008 0.006415023046429269 0.057891537944669835 0.0032844454835867509 0.0031287317542592055 0.0031292787753045568
leaf_count=1170 33 40 7 159 59 41 370 21 20 20
internal_value=-0.00406645 0.0474511 -0.0500096 -0.0500078 -0.0500078 -0.0500078 -0.0500078 -0.0500078 -0.0500078 -0.0500078
internal_weight=0.567798 0.267661 0.300137 0.291021 0.263014 0.192762 0.0702522 0.00969947 0.0280064 0.0123607
internal_count=1940 73 1867 1860 1681 1232 449 62 179 79
is_linear=0
shrinkage=0.05


Tree=98
num_leaves=8
num_cat=0
split_feature=24 14 32 3 17 5 20
split_gain=0.541302 1.00059e-08 8.35431e-11 7.07872e-11 1.11022e-16 8.67362e-18 8.67362e-18
threshold=1.0000000180025095e-35 0.98484849929809581 1.0000000180025095e-35 1.0000000180025095e-35 0.33297102153301245 0.46476078033447271 0.78860294818878185
decision_type=2 2 2 2 2 2 2
left_child=1 3 -2 4 -1 -6 -7
right_child=2 -3 -4 -5 5 6 -8
leaf_value=-0.050007445292838897 0.050313094975894659 -0.050062098488043244 0.050314930065034659 -0.050012201606890551 -0.050007440954183448 -0.050007444624401834 -0.05000744149371017
leaf_weight=0.26194723491789773 0.12368406169116497 0.0086721215629950166 0.12440057471394539 0.0080496079463046044 0.0058043744502356285 0.0058044449106091633 0.0032736214780015871
leaf_count=1760 20 7 20 33 39 39 22
internal_value=-0.00405832 -0.0500092 0.050314 -0.0500076 -0.0500074 -0.0500074 -0.0500074
internal_weight=0.541636 0.293551 0.248085 0.284879 0.27683 0.0148824 0.00907807
internal_count=1940 1900 40 1893 1860 100 61
is_linear=0
shrinkage=0.05


Tree=99
num_leaves=6
num_cat=0
split_feature=3 33 14 17 22
split_gain=0.484974 3.87046e-05 8.64651e-09 1.11022e-16 8.67362e-18
threshold=1.0000000180025095e-35 1.0000000180025095e-35 0.98484849929809581 0.3828530907630921 0.81379312276840221
decision_type=2 2 2 2 2
left_child=2 -2 3 -1 -5
right_child=1 -3 -4 4 -6
leaf_value=-0.050007081811968425 0.046522785260861732 0.047783048558687875 -0.050059065891473312 -0.050007081650594969 -0.050007078126537222
leaf_weight=0.25412886480626184 0.12299985115532763 0.12071314046625048 0.008249664562754333 0.00608767346420791 0.0031138650374487042
leaf_count=1795 40 33 7 43 22
internal_value=-0.00405792 0.047147 -0.0500087 -0.0500071 -0.0500071
internal_weight=0.515293 0.243713 0.27158 0.26333 0.00920154
internal_count=1940 73 1867 1860 65
is_linear=0
shrinkage=0.05


Tree=100
num_leaves=14
num_cat=0
split_feature=24 14 3 17 35 35 5 17 35 5 35 5 35
split_gain=0.474271 5.32555e-09 9.71699e-11 8.32667e-17 2.77556e-17 2.77556e-17 1.04083e-17 6.93889e-18 3.46945e-18 1.73472e-18 1.73472e-18 8.67362e-19 8.67362e-19
threshold=1.0000000180025095e-35 0.98484849929809581 1.0000000180025095e-35 0.3221795409917832 0.12143450975418092 0.10443858802318574 0.46476078033447271 0.42945699393749243 0.18602946400642398 0.42040285468101507 0.23745452612638476 0.49253065884113317 0.21062473952770236
decision_type=2 2 2 2 2 2 2 2 2 2 2 2 2
left_child=1 2 3 4 5 -1 9 11 -6 -5 12 -8 -10
right_child=-2 -3 -4 6 8 -7 7 -9 10 -11 -12 -13 -14
leaf_value=-0.050006737136626948 0.050285014617631518 -0.050056182225456838 -0.050012169302890444 -0.050006731763412804 -0.050006735848341088 -0.050006737103284606 -0.050006736488016026 -0.050006733480625176 -0.05000673634812422 -0.050006733445038899 -0.050006736490959817 -0.05000673575649324 -0.050006736967353305
leaf_weight=0.19258184726641048 0.21416052989661694 0.0056054512970149508 0.008513955952366814 0.0026934526977129272 0.017641569953411818 0.011447172742919065 0.002827977979904972 0.0045783501991536468 0.0044441965583246201 0.0028280673723202199 0.0032321431499440223 0.0030974707042332739 0.0026934241614071652
leaf_count=1430 38 5 35 20 131 85 21 34 33 21 24 23 20
internal_value=-0.00491718 -0.050008 -0.0500069 -0.0500067 -0.0500067 -0.0500067 -0.0500067 -0.0500067 -0.0500067 -0.0500067 -0.0500067 -0.0500067 -0.0500067
internal_weight=0.476346 0.262185 0.25658 0.248066 0.23204 0.204029 0.0160253 0.0105038 0.0280113 0.00552152 0.0103698 0.00592545 0.00713762
internal_count=1920 1882 1877 1842 1723 1515 119 78 208 41 77 44 53
is_linear=0
shrinkage=0.05


Tree=101
num_leaves=5
num_cat=0
split_feature=24 14 3 0
split_gain=0.45108 4.58345e-09 8.36702e-11 2.77556e-17
threshold=1.0000000180025095e-35 0.98484849929809581 1.0000000180025095e-35 0.59090909361839306
decision_type=2 2 2 2
left_child=1 2 3 -1
right_child=-2 -3 -4 -5
leaf_value=-0.05000640664963342 0.050271038111095914 -0.05005343788647626 -0.050011575220855475 -0.050006405031219218
leaf_weight=0.23289482336258516 0.2037710128352046 0.0053323550382629028 0.0080988191766664386 0.0030740629008505485
leaf_count=1818 38 5 35 24
internal_value=-0.00491672 -0.0500076 -0.0500066 -0.0500064
internal_weight=0.453171 0.2494 0.244068 0.235969
internal_count=1920 1882 1877 1842
is_linear=0
shrinkage=0.05


Tree=102
num_leaves=10
num_cat=0
split_feature=24 14 3 6 6 6 14 14 14
split_gain=0.429026 3.94482e-09 7.20466e-11 2.77556e-17 2.77556e-17 3.46945e-18 3.46945e-18 1.73472e-18 1.73472e-18
threshold=1.0000000180025095e-35 0.98484849929809581 1.0000000180025095e-35 0.97467949986457836 0.92591464519500744 0.98780488967895519 0.15919382125139239 0.17031121999025348 0.46548776328563696
decision_type=2 2 2 2 2 2 2 2 2
left_child=1 2 3 4 -1 -5 -7 -8 -9
right_child=-2 -3 -4 5 -6 6 7 8 -10
leaf_value=-0.050006093317931204 0.050257747343677564 -0.05005082863468218 -0.050011010855937191 -0.050006093233845951 -0.050006093300768599 -0.050006093233934505 -0.050006093233923313 -0.050006093233867392 -0.050006093411875244
leaf_weight=0.13952720856468659 0.19388294313102961 0.0050725508481264106 0.0077039198658894739 0.0028027422376908353 0.065315959836880211 0.005971059472358319 0.0025590254881535665 0.0053617677476722747 0.0029241569282021374
leaf_count=1145 38 5 35 23 536 49 21 44 24
internal_value=-0.00491627 -0.0500072 -0.0500063 -0.0500061 -0.0500061 -0.0500061 -0.0500061 -0.0500061 -0.0500061
internal_weight=0.431121 0.237238 0.232166 0.224462 0.204843 0.0196188 0.016816 0.010845 0.00828592
internal_count=1920 1882 1877 1842 1681 161 138 89 68
is_linear=0
shrinkage=0.05


Tree=103
num_leaves=9
num_cat=0
split_feature=24 14 3 6 5 5 6 6
split_gain=0.408053 3.39478e-09 6.19752e-11 8.32667e-17 1.38778e-17 3.46945e-18 1.73472e-18 1.73472e-18
threshold=1.0000000180025095e-35 0.98484849929809581 1.0000000180025095e-35 0.93216463923454296 0.49253065884113317 0.51833847165107738 0.98780488967895519 0.96824595332145702
decision_type=2 2 2 2 2 2 2 2
left_child=1 2 3 -1 -5 -6 7 -7
right_child=-2 -3 -4 4 5 6 -8 -9
leaf_value=-0.050005796843727683 0.050245114637643855 -0.05004834642417573 -0.050010473693799552 -0.050005798418481399 -0.050005798440030461 -0.050005797330351015 -0.050005796511364289 -0.050005796854008591
leaf_weight=0.13307089886802714 0.18447235785424709 0.0048253927379846564 0.0073282719822600475 0.064101416428457014 0.0039411164907505727 0.0055639642887399532 0.0035929716541431853 0.003245645813876763
leaf_count=1148 38 5 35 553 34 48 31 28
internal_value=-0.00491585 -0.0500069 -0.050006 -0.0500058 -0.0500058 -0.0500058 -0.0500058 -0.0500058
internal_weight=0.410142 0.22567 0.220844 0.213516 0.0804451 0.0163437 0.0124026 0.00880961
internal_count=1920 1882 1877 1842 694 141 107 76
is_linear=0
shrinkage=0.05


Tree=104
num_leaves=8
num_cat=0
split_feature=24 23 0 30 0 5 5
split_gain=0.388107 2.9218e-09 3.8181e-11 2.23855e-12 2.77556e-17 2.77556e-17 3.46945e-18
threshold=1.0000000180025095e-35 1.0000000180025095e-35 0.59090909361839306 0.63397127389907848 0.1287878826260567 0.36088341474533087 0.35883420705795294
decision_type=2 2 2 2 2 2 2
left_child=1 2 4 -4 5 6 -1
right_child=-2 -3 3 -5 -6 -7 -8
leaf_value=-0.050005513355984993 0.050233103328992557 -0.05004598582003144 -0.05000936432139922 -0.050007808497397693 -0.050005514230635977 -0.050005513606460585 -0.050005514261293155
leaf_weight=0.016870276573172305 0.17551643960177898 0.0045902665588073424 0.0057502101190038957 0.0038666437249048613 0.0025360546933370634 0.17829526116111083 0.0027563277835724867
leaf_count=153 38 5 32 27 23 1617 25
internal_value=-0.00491545 -0.0500065 -0.0500057 -0.0500087 -0.0500055 -0.0500055 -0.0500055
internal_weight=0.390181 0.214665 0.210075 0.00961685 0.200458 0.197922 0.0196266
internal_count=1920 1882 1877 59 1818 1795 178
is_linear=0
shrinkage=0.05


Tree=105
num_leaves=4
num_cat=0
split_feature=14 3 6
split_gain=0.336692 3.69058e-11 2.77556e-17
threshold=0.98484849929809581 1.0000000180025095e-35 0.97332859039306652
decision_type=2 2 2
left_child=1 2 -1
right_child=-2 -3 -4
leaf_value=-0.050005244389735096 0.047994646124978307 -0.050009472745532912 -0.050005244477232202
leaf_weight=0.17704714548017364 0.15726359334075823 0.0053025359084131187 0.015627664964995347
leaf_count=1688 39 28 149
internal_value=-0.00662119 -0.0500054 -0.0500052
internal_weight=0.355241 0.197977 0.192675
internal_count=1904 1865 1837
is_linear=0
shrinkage=0.05


Tree=106
num_leaves=8
num_cat=0
split_feature=24 23 3 17 5 26 5
split_gain=0.333981 2.39214e-09 3.17169e-11 5.55112e-17 3.46945e-18 1.73472e-18 8.67362e-19
threshold=1.0000000180025095e-35 1.0000000180025095e-35 1.0000000180025095e-35 0.32402573525905615 0.49043956398963934 0.77413380146026622 0.43212531507015234
decision_type=2 2 2 2 2 2 2
left_child=1 2 3 -1 6 -6 -5
right_child=-2 -3 -4 4 5 -7 -8
leaf_value=-0.050004991704783744 0.050211241791509702 -0.050045888621138013 -0.050009010608074479 -0.050004988313017855 -0.050004990276413197 -0.050004988311341717 -0.050004987959544916
leaf_weight=0.17350184059614548 0.14662540843710303 0.0036643768544308833 0.0050439735932741305 0.002394512077444233 0.0029931106619187631 0.0019950749046984129 0.0023943170890561305
leaf_count=1739 35 4 28 24 30 20 24
internal_value=-0.00661005 -0.0500059 -0.0500051 -0.050005 -0.050005 -0.050005 -0.050005
internal_weight=0.338613 0.191987 0.188323 0.183279 0.00977701 0.00498819 0.00478883
internal_count=1904 1869 1865 1837 98 50 48
is_linear=0
shrinkage=0.05


Tree=107
num_leaves=22
num_cat=0
split_feature=24 15 1 27 6 5 5 6 35 5 5 5 7 30 35 5 5 7 35 17 27
split_gain=0.317662 2.059e-09 1.93624e-11 7.35338e-13 8.32667e-17 1.38778e-17 1.38778e-17 1.38778e-17 2.08167e-17 6.93889e-18 3.46945e-18 5.20417e-18 3.46945e-18 3.46945e-18 3.46945e-18 1.73472e-18 1.73472e-18 1.73472e-18 1.73472e-18 8.67362e-19 8.67362e-19
threshold=1.0000000180025095e-35 0.83333334326744091 1.0000000180025095e-35 0.52786380052566539 0.94028520584106456 0.58617869019508373 0.49253065884113317 0.98780488967895519 0.073877356946468367 0.40523435175418859 0.51471862196922313 0.52114352583885204 0.36004273593425756 0.45934066176414495 0.12147388979792596 0.39455153048038488 0.37918919324874883 0.47853535413742071 0.22030958533287051 0.14220030605793002 0.15192308276891711
decision_type=2 2 2 2 2 2 2 2 2 2 2 2 2 2 2 2 2 2 2 2 2
left_child=1 2 4 -4 5 6 -1 8 9 15 19 -12 -11 -9 -10 16 -6 -13 -16 -8 -21
right_child=-2 -3 3 -5 7 -7 10 13 14 12 11 17 -14 -15 18 -17 -18 -19 -20 20 -22
leaf_value=-0.050004745709914748 0.050200894978123724 -0.050043648875304284 -0.050008077449464686 -0.050007021997730584 -0.050004748963161851 -0.050004748074015316 -0.050004746201545006 -0.050004745927772314 -0.050004745959209798 -0.050004749165535815 -0.050004749213395774 -0.050004746160683393 -0.050004746259637703 -0.050004747570453291 -0.050004748651922941 -0.050004748916778419 -0.050004749395944861 -0.050004745562684277 -0.050004746520556531 -0.050004745736921867 -0.050004745562593371
leaf_weight=0.099081112079147715 0.13950242009013891 0.0034858152503147713 0.0029495849230443119 0.0037462075488292612 0.0058841641875915229 0.0027522704112925558 0.0022777409831178366 0.0079720934154465795 0.0055045407279976644 0.017367774955346249 0.0019930233538616457 0.0080669793678680435 0.0020879292278550557 0.001993023404793349 0.002182794050895609 0.0022777409758418807 0.0042707643297035247 0.0021828351018484691 0.0018981176544912159 0.0020879292278550565 0.0025624586487538181
leaf_count=1044 35 4 19 29 62 29 24 84 58 183 21 85 22 21 23 24 45 23 20 22 27
internal_value=-0.00660956 -0.0500056 -0.0500048 -0.0500075 -0.0500047 -0.0500047 -0.0500047 -0.0500047 -0.0500047 -0.0500047 -0.0500047 -0.0500047 -0.0500047 -0.0500047 -0.0500047 -0.0500047 -0.0500047 -0.0500047 -0.0500047 -0.0500047 -0.0500047
internal_weight=0.322127 0.182625 0.179139 0.00669579 0.172443 0.121004 0.118252 0.0514389 0.0414738 0.0318884 0.019171 0.0122428 0.0194557 0.00996512 0.00958545 0.0124327 0.0101549 0.0102498 0.00408091 0.00692813 0.00465039
internal_count=1904 1869 1865 48 1817 1275 1246 542 437 336 202 129 205 105 101 131 107 108 43 73 49
is_linear=0
shrinkage=0.05


Tree=108
num_leaves=8
num_cat=0
split_feature=15 3 17 17 19 17 26
split_gain=0.289142 2.34862e-11 5.55112e-17 2.77556e-17 1.04083e-17 3.46945e-18 1.73472e-18
threshold=0.83333334326744091 1.0000000180025095e-35 0.33902026712894445 0.24996154010295871 0.79583334922790538 0.30294443666934973 0.61803713440895092
decision_type=2 2 2 2 2 2 2
left_child=1 2 3 -1 5 6 -5
right_child=-2 -3 -4 4 -6 -7 -8
leaf_value=-0.050004517260680552 0.047747913697070703 -0.050008152828982771 -0.050004513594381329 -0.050004517367802349 -0.050004513862919597 -0.050004517075205257 -0.050004517166073896
leaf_weight=0.14281911177386064 0.13604010053677484 0.0045640568278031415 0.0064091890817508093 0.0083055453142151237 0.0030691643260070114 0.0034305319204577253 0.001805553416488693
leaf_count=1582 39 28 71 92 34 38 20
internal_value=-0.0066091 -0.0500046 -0.0500045 -0.0500045 -0.0500045 -0.0500045 -0.0500045
internal_weight=0.306443 0.170403 0.165839 0.15943 0.0166108 0.0135416 0.0101111
internal_count=1904 1865 1837 1766 184 150 112
is_linear=0
shrinkage=0.05


Tree=109
num_leaves=12
num_cat=0
split_feature=14 3 0 7 7 7 7 14 14 14 14
split_gain=0.274424 2.02352e-11 2.77556e-17 2.77556e-17 2.77556e-17 1.38778e-17 6.93889e-18 1.73472e-18 1.73472e-18 1.73472e-18 8.67362e-19
threshold=0.98484849929809581 1.0000000180025095e-35 0.59090909361839306 0.41565039753913885 0.31503759324550634 0.28989812731742864 0.39181287586689001 0.30498754978179937 0.22741734981536868 0.15450000017881396 0.19235277920961383
decision_type=2 2 2 2 2 2 2 2 2 2 2
left_child=1 2 3 4 5 -1 -6 8 9 -5 -11
right_child=-2 -3 -4 7 6 -7 -8 -9 -10 10 -12
leaf_value=-0.050004295601030105 0.047502062239719998 -0.050007755772427179 -0.050004294969722585 -0.050004295667286848 -0.050004295569188444 -0.050004295614715782 -0.050004295667070653 -0.05000429511428315 -0.05000429566728043 -0.050004295667289804 -0.050004295667287514
leaf_weight=0.065951688855420798 0.13005853618960828 0.0043414987885626024 0.0017171889121527775 0.0024903791927499697 0.035466397901473101 0.037012047607277054 0.0052383840957190833 0.0024903610319597655 0.0018892531807068744 0.0029197549156378955 0.0025762543373275548
leaf_count=768 39 28 20 29 413 431 61 29 22 34 30
internal_value=-0.00659699 -0.0500044 -0.0500043 -0.0500043 -0.0500043 -0.0500043 -0.0500043 -0.0500043 -0.0500043 -0.0500043 -0.0500043
internal_weight=0.292152 0.162093 0.157752 0.156035 0.143669 0.102964 0.0407048 0.012366 0.00987564 0.00798639 0.00549601
internal_count=1904 1865 1837 1817 1673 1199 474 144 115 93 64
is_linear=0
shrinkage=0.05


Tree=110
num_leaves=4
num_cat=0
split_feature=24 15 3
split_gain=0.275445 3.04938e-09 1.86703e-11
threshold=1.0000000180025095e-35 0.83333334326744091 1.0000000180025095e-35
decision_type=2 2 2
left_child=1 2 -1
right_child=-2 -3 -4
leaf_value=-0.050004083939384394 0.050173735544830095 -0.050045671189183828 -0.050007378993107587
leaf_weight=0.14989523594704224 0.12077343999408185 0.0045588016510009757 0.0044259240821702397
leaf_count=1835 35 5 30
internal_value=-0.00674119 -0.0500054 -0.0500042
internal_weight=0.279653 0.15888 0.154321
internal_count=1905 1870 1865
is_linear=0
shrinkage=0.05


Tree=111
num_leaves=5
num_cat=0
split_feature=24 14 3 26
split_gain=0.261991 2.62424e-09 1.60553e-11 2.77556e-17
threshold=1.0000000180025095e-35 0.98484849929809581 1.0000000180025095e-35 0.84646466374397289
decision_type=2 2 2 2
left_child=1 2 3 -1
right_child=-2 -3 -4 -5
leaf_value=-0.050003885895585125 0.050165234105500701 -0.050043441109822721 -0.050007018801236681 -0.05000388504315826
leaf_weight=0.13769080596830463 0.1149022311437875 0.0043366547324694684 0.0042100987921003244 0.0048945019661914549
leaf_count=1772 35 5 30 63
internal_value=-0.00674078 -0.0500051 -0.050004 -0.0500039
internal_weight=0.266034 0.151132 0.146795 0.142585
internal_count=1905 1870 1865 1835
is_linear=0
shrinkage=0.05


Tree=112
num_leaves=4
num_cat=0
split_feature=24 14 3
split_gain=0.249194 2.25867e-09 1.38186e-11
threshold=1.0000000180025095e-35 0.98484849929809581 1.0000000180025095e-35
decision_type=2 2 2
left_child=1 2 -1
right_child=-2 -3 -4
leaf_value=-0.050003696313741013 0.050157149504544453 -0.050041321372409714 -0.050006676416290731
leaf_weight=0.1356318454418215 0.10931555414572358 0.0041253239032812408 0.004004796559456735
leaf_count=1835 35 5 30
internal_value=-0.00674039 -0.0500049 -0.0500038
internal_weight=0.253078 0.143762 0.139637
internal_count=1905 1870 1865
is_linear=0
shrinkage=0.05


Tree=113
num_leaves=17
num_cat=0
split_feature=24 14 0 27 0 6 14 14 35 6 6 14 22 35 17 6
split_gain=0.237024 1.94369e-09 8.33761e-12 5.9253e-13 2.77556e-17 2.77556e-17 1.38778e-17 1.38778e-17 1.04083e-17 5.20417e-18 8.67362e-18 3.46945e-18 3.46945e-18 3.46945e-18 1.30104e-18 4.33681e-19
threshold=1.0000000180025095e-35 0.98484849929809581 0.59090909361839306 0.52786380052566539 0.1287878826260567 0.96922349929809581 0.39476037025451666 0.35370944440364843 0.065212782472372069 0.97259759902954113 0.98780488967895519 0.17665841430425647 0.32129031419754034 0.026913654990494255 0.13606276363134387 0.9740215837955476
decision_type=2 2 2 2 2 2 2 2 2 2 2 2 2 2 2 2
left_child=1 2 4 -4 5 6 7 -1 9 11 15 -7 -10 -12 -15 -11
right_child=-2 -3 3 -5 -6 8 -8 -9 12 10 13 -13 -14 14 -16 -17
leaf_value=-0.050003518093830759 0.050149463697185141 -0.050039303645822403 -0.050006168029305048 -0.050005096998719349 -0.050003516588833598 -0.050003513296175285 -0.050003513981087447 -0.0500035174035416 -0.050003517935119882 -0.050003518470392909 -0.050003516554012861 -0.050003516353658239 -0.05000351538961173 -0.050003513296166591 -0.050003515412890755 -0.050003518470381862
leaf_weight=0.10089424172474537 0.10399971040897071 0.0039242837810888878 0.0021728090796386814 0.0031832500899326988 0.001546813153254333 0.0023905294074211278 0.0018277991184731937 0.0027419786929385728 0.0061169429391156882 0.0020389809651533142 0.0018983615882461891 0.0015468131459783763 0.0018279981522937305 0.0016874325228855014 0.0015468131459783763 0.0014061937690712512
leaf_count=1435 35 5 18 34 22 34 26 39 87 29 27 22 26 24 22 20
internal_value=-0.00674001 -0.0500046 -0.0500036 -0.0500055 -0.0500035 -0.0500035 -0.0500035 -0.0500035 -0.0500035 -0.0500035 -0.0500035 -0.0500035 -0.0500035 -0.0500035 -0.0500035 -0.0500035
internal_weight=0.240751 0.136751 0.132827 0.00535606 0.127471 0.125924 0.105464 0.103636 0.0204601 0.0125151 0.00857778 0.00393734 0.00794494 0.00513261 0.00323425 0.00344517
internal_count=1905 1870 1865 52 1813 1791 1500 1474 291 178 122 56 113 73 46 49
is_linear=0
shrinkage=0.05


Tree=114
num_leaves=17
num_cat=0
split_feature=3 32 14 6 35 35 10 35 14 5 14 22 27 27 27 14
split_gain=0.211425 1.23549e-06 1.67955e-09 2.77556e-17 2.77556e-17 6.93889e-18 5.20417e-18 5.20417e-18 2.60209e-18 1.73472e-18 1.73472e-18 1.73472e-18 1.73472e-18 8.67362e-19 8.67362e-19 4.33681e-19
threshold=1.0000000180025095e-35 1.0000000180025095e-35 0.98484849929809581 0.97530490159988414 0.13083314895629886 0.028165905736386779 0.46621005237102514 0.16521480679512027 0.3267300426959992 0.43669871985912329 0.41217221319675451 0.21240601688623431 0.5313725769519807 0.74342104792594921 0.68990385532379161 0.65686276555061351
decision_type=2 2 2 2 2 2 2 2 2 2 2 2 2 2 2 2
left_child=2 -2 3 4 -1 -5 9 8 11 -7 12 -6 -9 14 -14 -8
right_child=1 -3 -4 5 7 6 15 10 -10 -11 -12 -13 13 -15 -16 -17
leaf_value=-0.050003344959802479 0.046805275321117557 0.046454333264077073 -0.050037388691504495 -0.050003344984924508 -0.050003341660501979 -0.050003341660545778 -0.050003342972556035 -0.050003342240767162 -0.050003341038493999 -0.050003340094536899 -0.050003344666911434 -0.050003344153825152 -0.050003344078201145 -0.0500033440437119 -0.050003343700367492 -0.050003344530532214
leaf_weight=0.098916799244761933 0.043687804965884425 0.058877576135273557 0.0037330335471779099 0.002407711130217649 0.0014044982744962917 0.0028089965271647088 0.0014044911586097442 0.0016720217317924835 0.0019392893009353429 0.0014713791679241695 0.0014043235132703566 0.0016051407801569439 0.0024077112320810556 0.0023407215412589721 0.0016051408601924777 0.0013373760084505193
leaf_count=1479 27 38 5 36 21 42 21 25 29 22 21 24 36 35 24 20
internal_value=-0.00673966 0.0466038 -0.0500043 -0.0500033 -0.0500033 -0.0500033 -0.0500033 -0.0500033 -0.0500033 -0.0500033 -0.0500033 -0.0500033 -0.0500033 -0.0500033 -0.0500033 -0.0500033
internal_weight=0.229024 0.102565 0.126459 0.122726 0.113296 0.00942995 0.00702224 0.0143788 0.00494893 0.00428038 0.00942992 0.00300964 0.0080256 0.00635357 0.00401285 0.00274187
internal_count=1905 65 1840 1835 1694 141 105 215 74 64 141 45 120 95 60 41
is_linear=0
shrinkage=0.05


Tree=115
num_leaves=11
num_cat=0
split_feature=24 14 3 33 14 6 17 17 30 19
split_gain=0.242245 1.99162e-09 1.3117e-11 1.17592e-11 2.77556e-17 1.38778e-17 1.38778e-17 1.38778e-17 4.33681e-18 3.46945e-18
threshold=1.0000000180025095e-35 0.98484849929809581 1.0000000180025095e-35 1.0000000180025095e-35 0.38860389590263372 0.95948070287704479 0.33466666936874395 0.064125683158636107 0.6909814476966859 0.89827585220336925
decision_type=2 2 2 2 2 2 2 2 2 2
left_child=1 2 4 -2 5 6 7 -1 -6 -8
right_child=3 -3 -4 -5 8 -7 9 -9 -10 -11
leaf_value=-0.050003184984526883 0.050136110401164335 -0.050035563590137271 -0.050006327911153503 0.050135100925432607 -0.050003179394507859 -0.050003184994156818 -0.050003182676373881 -0.050003185035486022 -0.050003182908447213 -0.050003179408748294
leaf_weight=0.017813389786169864 0.062271450646221638 0.0049716206849552682 0.003415769708226434 0.053748870268464088 0.0020355964734335421 0.024557030206779018 0.0013360043813008806 0.06839049824338872 0.0016538820927962661 0.001781339175067842
leaf_count=280 23 7 27 20 32 386 21 1075 26 28
internal_value=-0.00199019 -0.0500045 -0.0500033 0.0501356 -0.0500032 -0.0500032 -0.0500032 -0.0500032 -0.0500032 -0.0500032
internal_weight=0.241975 0.125955 0.120984 0.11602 0.117568 0.113878 0.0893212 0.0862039 0.00368948 0.00311734
internal_count=1925 1882 1875 43 1848 1790 1404 1355 58 49
is_linear=0
shrinkage=0.05


Tree=116
num_leaves=8
num_cat=0
split_feature=14 32 17 30 5 6 17
split_gain=0.212216 3.43303e-06 7.81665e-12 7.01299e-13 1.38778e-17 1.73472e-18 1.73472e-18
threshold=0.98484849929809581 1.0000000180025095e-35 0.68703702092170726 0.63397127389907848 0.52114352583885204 0.95948070287704479 0.28135265409946447
decision_type=2 2 2 2 2 2 2
left_child=2 -2 4 -4 -1 6 -6
right_child=1 -3 3 -5 5 -7 -8
leaf_value=-0.050003026751469754 0.046308399706636139 0.04576067940793907 -0.050005626599705789 -0.050004373602285115 -0.050003026759801228 -0.050003026809199574 -0.050003025785740257
leaf_weight=0.098823346073913854 0.053161607822403312 0.061943879118189216 0.0027697999285010147 0.001871100947028026 0.0079882027275743894 0.00242066439750488 0.0012103207664040392
leaf_count=1633 23 27 26 24 132 40 20
internal_value=-0.00199013 0.0460136 -0.0500031 -0.0500051 -0.050003 -0.050003 -0.050003
internal_weight=0.230189 0.115105 0.115083 0.0046409 0.110443 0.0116192 0.00919852
internal_count=1925 50 1875 50 1825 192 152
is_linear=0
shrinkage=0.05


Tree=117
num_leaves=7
num_cat=0
split_feature=24 14 32 3 6 6
split_gain=0.220053 1.99657e-09 1.02707e-11 9.73398e-12 1.38778e-17 1.38778e-17
threshold=1.0000000180025095e-35 0.98484849929809581 1.0000000180025095e-35 1.0000000180025095e-35 0.97467949986457836 0.92206478118896495
decision_type=2 2 2 2 2 2
left_child=1 3 -2 4 5 -1
right_child=2 -3 -4 -5 -6 -7
leaf_value=-0.0500028786254531 0.050122677055665726 -0.050035418761722961 0.050123666718193585 -0.05000572506282587 -0.050002878572308319 -0.050002878632515041
leaf_weight=0.063206447724951431 0.048831459134817123 0.0049516040016897014 0.056605310644954443 0.0030907547406968652 0.0089224607472715434 0.034251412314915797
leaf_count=1098 20 7 23 27 155 595
internal_value=-0.00198674 -0.0500044 0.0501232 -0.050003 -0.0500029 -0.0500029
internal_weight=0.219859 0.114423 0.105437 0.109471 0.10638 0.0974579
internal_count=1925 1882 43 1875 1848 1693
is_linear=0
shrinkage=0.05


Tree=118
num_leaves=6
num_cat=0
split_feature=3 32 15 6 30
split_gain=0.197854 1.05727e-05 1.72481e-09 1.38778e-17 3.46945e-18
threshold=1.0000000180025095e-35 1.0000000180025095e-35 0.83333334326744091 0.97332859039306652 0.6909814476966859
decision_type=2 2 2 2 2
left_child=2 -2 3 -1 -5
right_child=1 -3 -4 4 -6
leaf_value=-0.050002737297309655 0.047813712273150025 0.046798603719415695 -0.050033689921498453 -0.05000273721850982 -0.050002737466616015
leaf_weight=0.092157457947905641 0.047549042967148125 0.055697299903840758 0.0047102702665142706 0.0079398496563953813 0.0010950615687761464
leaf_count=1683 30 40 7 145 20
internal_value=-0.0019867 0.0472661 -0.0500041 -0.0500027 -0.0500027
internal_weight=0.209149 0.103246 0.105903 0.101192 0.00903491
internal_count=1925 70 1855 1848 165
is_linear=0
shrinkage=0.05


Tree=119
num_leaves=11
num_cat=0
split_feature=3 32 14 14 14 17 14 14 17 26
split_gain=0.187675 1.19478e-05 1.48429e-09 2.77556e-17 1.38778e-17 5.20417e-18 1.73472e-18 8.67362e-19 8.67362e-19 8.67362e-19
threshold=1.0000000180025095e-35 1.0000000180025095e-35 0.98484849929809581 0.3267300426959992 0.11554953455924989 0.13422300666570666 0.3815619051456452 0.10865384712815286 0.31351570785045629 0.78704285621643078
decision_type=2 2 2 2 2 2 2 2 2 2
left_child=2 -2 3 4 5 -1 9 -7 -8 -5
right_child=1 -3 -4 6 -6 7 8 -9 -10 -11
leaf_value=-0.050002605160294325 0.047583695069588934 0.046480367440781677 -0.050032045000666048 -0.050002605160222771 -0.050002605103287301 -0.050002605160282446 -0.050002604960364974 -0.050002605160255092 -0.050002603928248616 -0.05000260490047042
leaf_weight=0.011355101982189808 0.045443286457157228 0.053334675503720064 0.0044806910445913664 0.0014063658636587198 0.073391462057770696 0.0030731698025192608 0.0013021508639212698 0.0011459277229732834 0.0019790088044828735 0.0026042219687951729
leaf_count=218 30 40 7 27 1409 59 25 22 38 50
internal_value=-0.00198442 0.046988 -0.0500039 -0.0500026 -0.0500026 -0.0500026 -0.0500026 -0.0500026 -0.0500026 -0.0500026
internal_weight=0.199516 0.098778 0.100738 0.0962574 0.0889657 0.0155742 0.00729175 0.0042191 0.00328116 0.00401059
internal_count=1925 70 1855 1848 1708 299 140 81 63 77
is_linear=0
shrinkage=0.05


Tree=120
num_leaves=5
num_cat=0
split_feature=24 14 3 32
split_gain=0.184003 1.26911e-09 1.64166e-11 9.91342e-12
threshold=1.0000000180025095e-35 0.98484849929809581 1.0000000180025095e-35 1.0000000180025095e-35
decision_type=2 2 2 2
left_child=1 2 -1 -2
right_child=3 -3 -4 -5
leaf_value=-0.050002478011381649 0.050106064240152286 -0.050030487762405124 -0.050005981892935342 0.050107144704383544
leaf_weight=0.092157595761818811 0.042246337980031967 0.0042629883391782633 0.0034687307343119747 0.04267432726919651
leaf_count=1860 20 7 29 20
internal_value=-0.00400281 -0.0500038 -0.0500026 0.0501066
internal_weight=0.18481 0.0998893 0.0956263 0.0849207
internal_count=1936 1896 1889 40
is_linear=0
shrinkage=0.05


Tree=121
num_leaves=5
num_cat=0
split_feature=24 14 3 33
split_gain=0.17502 1.09249e-09 1.41542e-11 8.56862e-12
threshold=1.0000000180025095e-35 0.98484849929809581 1.0000000180025095e-35 1.0000000180025095e-35
decision_type=2 2 2 2
left_child=1 2 -1 -2
right_child=3 -3 -4 -5
leaf_value=-0.050002354454619161 0.05010190767917741 -0.050028999783689632 -0.050005690306881026 0.050100877792632996
leaf_weight=0.087663227313896641 0.040597212500870228 0.0040551974088884881 0.0032995775036397381 0.040190014988183975
leaf_count=1860 20 7 29 20
internal_value=-0.00400267 -0.0500036 -0.0500025 0.0501014
internal_weight=0.175805 0.095018 0.0909628 0.0807872
internal_count=1936 1896 1889 40
is_linear=0
shrinkage=0.05


Tree=122
num_leaves=7
num_cat=0
split_feature=24 14 3 32 5 27
split_gain=0.166476 9.40168e-10 1.21771e-11 7.31595e-12 1.38778e-17 2.1684e-18
threshold=1.0000000180025095e-35 0.98484849929809581 1.0000000180025095e-35 1.0000000180025095e-35 0.59720873832702648 0.44097222387790685
decision_type=2 2 2 2 2 2
left_child=1 2 4 -2 -1 -6
right_child=3 -3 -4 -5 5 -7
leaf_value=-0.050002239862126978 0.05009595217207477 -0.050027583353433241 -0.050005412333918732 0.050096927848976937 -0.050002239823862815 -0.050002242529553202
leaf_weight=0.080832743875362212 0.038233590312302113 0.0038575296639464787 0.0031386721966555333 0.038621006533503532 0.0013897684402763835 0.0011655167800199706
leaf_count=1803 20 7 29 20 31 26
internal_value=-0.00400254 -0.0500034 -0.0500024 0.0500964 -0.0500022 -0.0500022
internal_weight=0.167239 0.0903842 0.0865267 0.0768546 0.083388 0.00255529
internal_count=1936 1896 1889 40 1860 57
is_linear=0
shrinkage=0.05


Tree=123
num_leaves=9
num_cat=0
split_feature=24 14 3 32 7 7 10 30
split_gain=0.15835 8.0923e-10 1.04719e-11 6.30346e-12 1.38778e-17 1.73472e-18 1.73472e-18 1.73472e-18
threshold=1.0000000180025095e-35 0.98484849929809581 1.0000000180025095e-35 1.0000000180025095e-35 0.37668919563293463 0.47853535413742071 0.51833847165107738 0.61803713440895092
decision_type=2 2 2 2 2 2 2 2
left_child=1 2 4 -2 -1 6 7 -6
right_child=3 -3 -4 -5 5 -7 -8 -9
leaf_value=-0.050002132522651135 0.050091263747812892 -0.050026239903643327 -0.050005148907344338 0.050092192280853293 -0.050002132561959248 -0.050002132401040358 -0.050002132299200752 -0.050002132280611955
leaf_weight=0.065077674331405433 0.036372235044836998 0.0036694918526336542 0.0029856127075618124 0.036740822251886129 0.0078468880092259496 0.0029424211861623925 0.0020470142844715164 0.0014073132551857279
leaf_count=1526 20 7 29 20 184 69 48 33
internal_value=-0.00400241 -0.0500033 -0.0500022 0.0500917 -0.0500021 -0.0500021 -0.0500021 -0.0500021
internal_weight=0.159089 0.0859764 0.0823069 0.0731131 0.0793213 0.0142436 0.0113012 0.0092542
internal_count=1936 1896 1889 40 1860 334 265 217
is_linear=0
shrinkage=0.05


Tree=124
num_leaves=7
num_cat=0
split_feature=24 15 3 32 5 17
split_gain=0.15062 6.96651e-10 9.02137e-12 5.39864e-12 1.38778e-17 1.38778e-17
threshold=1.0000000180025095e-35 0.83333334326744091 1.0000000180025095e-35 1.0000000180025095e-35 0.6107994318008424 0.33902026712894445
decision_type=2 2 2 2 2 2
left_child=1 2 4 -2 5 -1
right_child=3 -3 -4 -5 -6 -7
leaf_value=-0.050002026844774276 0.050086806799708644 -0.050024960679640552 -0.050004897536343178 0.050087687825876075 -0.050002027052145216 -0.050002030387090668
leaf_weight=0.071437103673815727 0.034601341467350721 0.003490615577902644 0.0028400165610946706 0.034952014684677124 0.0017036322133208151 0.0023121845697460222
leaf_count=1761 20 7 29 20 42 57
internal_value=-0.0040023 -0.0500031 -0.0500021 0.0500872 -0.050002 -0.050002
internal_weight=0.151337 0.0817836 0.0782929 0.0695534 0.0754529 0.0737493
internal_count=1936 1896 1889 40 1860 1818
is_linear=0
shrinkage=0.05


Tree=125
num_leaves=7
num_cat=0
split_feature=24 14 0 30 0 6
split_gain=0.136516 6.79388e-10 6.42886e-12 2.47032e-13 1.38778e-17 1.73472e-18
threshold=1.0000000180025095e-35 0.98484849929809581 0.59090909361839306 0.63397127389907848 0.087121214717626586 0.94028520584106456
decision_type=2 2 2 2 2 2
left_child=1 2 4 -4 -1 -6
right_child=-2 -3 3 -5 5 -7
leaf_value=-0.050001928152238043 0.050082951042952156 -0.050023738679934593 -0.050004341508548135 -0.050003532109960724 -0.050001927979580023 -0.050001928523815846
leaf_weight=0.063399699934961973 0.061179166426882148 0.0037944972282275549 0.0023199977295007548 0.001587909759109607 0.0041289043510914772 0.0016592826505075209
leaf_count=1643 37 8 29 27 107 43
internal_value=-0.00565455 -0.0500031 -0.050002 -0.050004 -0.0500019 -0.0500019
internal_weight=0.138069 0.0768903 0.0730958 0.00390791 0.0691879 0.00578819
internal_count=1894 1857 1849 56 1793 150
is_linear=0
shrinkage=0.05


Tree=126
num_leaves=7
num_cat=0
split_feature=24 14 3 17 14 17
split_gain=0.129853 5.84723e-10 7.35202e-12 2.77556e-17 2.1684e-18 8.67362e-19
threshold=1.0000000180025095e-35 0.98484849929809581 1.0000000180025095e-35 0.32402573525905615 0.37205500900745397 0.35138653218746191
decision_type=2 2 2 2 2 2
left_child=1 2 3 -1 5 -5
right_child=-2 -3 -4 4 -6 -7
leaf_value=-0.05000183363335562 0.050078898167060494 -0.050022579842272999 -0.050004432907452635 -0.050001836459760543 -0.050001834798975832 -0.050001838345108955
leaf_weight=0.062877300118998392 0.058200012543238699 0.0036095188697800032 0.0028365009275148614 0.0010644762842275659 0.0016515457209607121 0.0011011823880835436
leaf_count=1713 37 8 32 29 45 30
internal_value=-0.00565439 -0.050003 -0.0500019 -0.0500018 -0.0500018 -0.0500018
internal_weight=0.131341 0.0731405 0.069531 0.0666945 0.0038172 0.00216566
internal_count=1894 1857 1849 1817 104 59
is_linear=0
shrinkage=0.05


Tree=127
num_leaves=7
num_cat=0
split_feature=24 14 1 30 5 6
split_gain=0.123516 5.03259e-10 4.76237e-12 1.82798e-13 1.38778e-17 3.46945e-18
threshold=1.0000000180025095e-35 0.98484849929809581 1.0000000180025095e-35 0.63397127389907848 0.49253065884113317 0.95948070287704479
decision_type=2 2 2 2 2 2
left_child=1 2 4 -4 -1 -6
right_child=-2 -3 3 -5 5 -7
leaf_value=-0.05000174522266311 0.050075045116579314 -0.050021478939757863 -0.050003928710935411 -0.050003196756335723 -0.050001745345160165 -0.050001745222997045
leaf_weight=0.051675325325049926 0.055365719366818666 0.0034335543168708673 0.0020992376485082778 0.0014368095689860638 0.0090432272445468698 0.0018854620793717922
leaf_count=1480 37 8 29 27 259 54
internal_value=-0.00565423 -0.0500028 -0.0500018 -0.0500036 -0.0500017 -0.0500017
internal_weight=0.124939 0.0695736 0.0661401 0.00353605 0.062604 0.0109287
internal_count=1894 1857 1849 56 1793 313
is_linear=0
shrinkage=0.05


Tree=128
num_leaves=10
num_cat=0
split_feature=24 14 0 27 5 5 6 6 5
split_gain=0.117488 4.33147e-10 4.10129e-12 2.13793e-13 1.38778e-17 1.73472e-18 1.73472e-18 3.46945e-18 4.33681e-19
threshold=1.0000000180025095e-35 0.98484849929809581 0.59090909361839306 0.52786380052566539 0.39369101822376257 0.38295729458332067 0.97259759902954113 0.94665718078613292 0.38847430050373083
decision_type=2 2 2 2 2 2 2 2 2
left_child=1 2 4 -4 5 6 7 -1 -7
right_child=-2 -3 3 -5 -6 8 -8 -9 -10
leaf_value=-0.050001659402968412 0.050071379597934 -0.050020430465472825 -0.050003866862502848 -0.050003069133978742 -0.050001659651002651 -0.050001659472926424 -0.050001659592683503 -0.050001659444675356 -0.050001659444672865
leaf_weight=0.0090338739937578794 0.05266925971955061 0.0032661645673215381 0.0016234598915616507 0.0017401438890374266 0.04453866265976103 0.0014945661132514951 0.001228886394528673 0.001693870435701684 0.0015610178525093943
leaf_count=272 37 8 22 34 1341 45 37 51 47
internal_value=-0.00565408 -0.0500027 -0.0500018 -0.0500035 -0.0500017 -0.0500017 -0.0500017 -0.0500017 -0.0500017
internal_weight=0.11885 0.0661806 0.0629145 0.0033636 0.0595509 0.0150122 0.0119566 0.0107277 0.00305558
internal_count=1894 1857 1849 56 1793 452 360 323 92
is_linear=0
shrinkage=0.05


Tree=129
num_leaves=8
num_cat=0
split_feature=24 14 3 19 5 5 14
split_gain=0.111754 3.72915e-10 4.6902e-12 1.38778e-17 6.93889e-18 1.73472e-18 8.67362e-19
threshold=1.0000000180025095e-35 0.98484849929809581 1.0000000180025095e-35 0.89827585220336925 0.37378787994384771 0.37089946866035467 0.16359918564558032
decision_type=2 2 2 2 2 2 2
left_child=1 2 3 4 5 6 -1
right_child=-2 -3 -4 -5 -6 -7 -8
leaf_value=-0.05000157755585935 0.05006789382629289 -0.050019435450905862 -0.050003815403995039 -0.050001582627370679 -0.050001577653659139 -0.050001577555804325 -0.050001577483210262
leaf_weight=0.0043598853517323732 0.050103949382901192 0.0031069321557879439 0.0024414307627012013 0.0016111558179545673 0.047516253529465757 0.001010987918562023 0.0029064934642519802
leaf_count=138 37 8 32 51 1504 32 92
internal_value=-0.00565394 -0.0500025 -0.0500017 -0.0500016 -0.0500016 -0.0500016 -0.0500016
internal_weight=0.113057 0.0629531 0.0598462 0.0574048 0.0557936 0.00827737 0.00726638
internal_count=1894 1857 1849 1817 1766 262 230
is_linear=0
shrinkage=0.05


Tree=130
num_leaves=7
num_cat=0
split_feature=24 14 3 32 6 7
split_gain=0.110942 2.43841e-10 4.02497e-12 2.20046e-12 6.93889e-18 8.67362e-19
threshold=1.0000000180025095e-35 0.98484849929809581 1.0000000180025095e-35 1.0000000180025095e-35 0.9740215837955476 0.34292763471603399
decision_type=2 2 2 2 2 2
left_child=1 2 4 -2 -1 -6
right_child=3 -3 -4 -5 5 -7
leaf_value=-0.050001503943499684 0.05006427594121228 -0.050018487430192105 -0.05000362880631834 0.050064929298607057 -0.050001504036300971 -0.050001503190455591
leaf_weight=0.05075860493525397 0.025644502602517605 0.0022170157753862432 0.0023221548690344198 0.025904616340994835 0.0032156271245185044 0.001352270832285285
leaf_count=1689 20 6 32 20 107 45
internal_value=-0.00370355 -0.0500022 -0.0500016 0.0500646 -0.0500015 -0.0500015
internal_weight=0.111415 0.0598657 0.0576487 0.0515491 0.0553265 0.0045679
internal_count=1919 1879 1873 40 1841 152
is_linear=0
shrinkage=0.05


Tree=131
num_leaves=12
num_cat=0
split_feature=24 14 3 33 14 17 19 7 7 19 19
split_gain=0.105528 2.09859e-10 3.46552e-12 1.90798e-12 1.38778e-17 6.93889e-18 1.30104e-18 8.67362e-19 8.67362e-19 4.33681e-19 4.33681e-19
threshold=1.0000000180025095e-35 0.98484849929809581 1.0000000180025095e-35 1.0000000180025095e-35 0.3096535205841065 0.28971590101718908 0.69233870506286632 0.4522556364536286 0.39736843109130865 0.69233870506286632 0.44722221791744238
decision_type=2 2 2 2 2 2 2 2 2 2 2
left_child=1 2 4 -2 5 -1 -7 8 9 10 -6
right_child=3 -3 -4 -5 7 6 -8 -9 -10 -11 -12
leaf_value=-0.050001431529640844 0.050061763143586083 -0.050017585720045922 -0.050003452844963381 0.050061139372188417 -0.050001429234685847 -0.050001431464339767 -0.050001429382713458 -0.050001429305816525 -0.050001429767293798 -0.050001428665520875 -0.05000143017679054
leaf_weight=0.044595639399631182 0.024642753414809704 0.002108927641529589 0.0022089096382842391 0.024395296350121498 0.001229238894666195 0.0012864126765634856 0.0012292388510104502 0.0010576260701782303 0.0010005433559854282 0.0012005084699922008 0.0010290645786881214
leaf_count=1560 20 6 32 20 43 45 43 37 35 42 36
internal_value=-0.00370347 -0.0500021 -0.0500015 0.0500615 -0.0500014 -0.0500014 -0.0500014 -0.0500014 -0.0500014 -0.0500014 -0.0500014
internal_weight=0.105984 0.0569461 0.0548372 0.049038 0.0526283 0.0471113 0.00251565 0.00551698 0.00445936 0.00345881 0.0022583
internal_count=1919 1879 1873 40 1841 1648 88 193 156 121 79
is_linear=0
shrinkage=0.05


Tree=132
num_leaves=6
num_cat=0
split_feature=24 14 3 32 5
split_gain=0.100378 1.80689e-10 2.98062e-12 1.61264e-12 6.93889e-18
threshold=1.0000000180025095e-35 0.98484849929809581 1.0000000180025095e-35 1.0000000180025095e-35 0.60173159837722789
decision_type=2 2 2 2 2
left_child=1 2 4 -2 -1
right_child=3 -3 -4 -5 -6
leaf_value=-0.050001361152905738 0.050058155307425869 -0.050016730178065308 -0.050003283412556776 0.050058743272381023 -0.050001359967151097
leaf_weight=0.048674884512365679 0.023206872865557671 0.0020061075920239082 0.0021011867502238593 0.023442290257662535 0.0013867453799321075
leaf_count=1790 20 6 32 20 51
internal_value=-0.0037034 -0.050002 -0.0500014 0.0500585 -0.0500014
internal_weight=0.100818 0.0541689 0.0521628 0.0466492 0.0500616
internal_count=1919 1879 1873 40 1841
is_linear=0
shrinkage=0.05


Tree=133
num_leaves=9
num_cat=0
split_feature=14 32 3 5 5 5 5 14
split_gain=0.0881513 3.32875e-05 2.57038e-12 6.93889e-18 1.73472e-18 1.73472e-18 1.73472e-18 4.33681e-19
threshold=0.98484849929809581 1.0000000180025095e-35 1.0000000180025095e-35 0.47279411554336553 0.6107994318008424 0.53626236319541942 0.52545297145843517 0.20668125152587893
decision_type=2 2 2 2 2 2 2 2
left_child=2 -2 3 -1 5 6 -5 -7
right_child=1 -3 -4 4 -6 7 -8 -9
leaf_value=-0.050001293818315723 0.044600728267720061 0.047282605323350255 -0.05000312411768796 -0.050001293923136375 -0.050001293183999942 -0.050001293923107142 -0.050001293923051374 -0.050001293571465759
leaf_weight=0.034971467142895563 0.023348964401520789 0.022935858636628836 0.0019987168852821915 0.0078634493747813394 0.0010863152238016491 0.0010863976021937569 0.0015778632696310533 0.0010346644066885347
leaf_count=1352 24 22 32 304 42 42 61 40
internal_value=-0.00370334 0.0459297 -0.0500014 -0.0500013 -0.0500013 -0.0500013 -0.0500013 -0.0500013
internal_weight=0.0959037 0.0462848 0.0496189 0.0476202 0.0126487 0.0115624 0.00944131 0.00212106
internal_count=1919 46 1873 1841 489 447 365 82
is_linear=0
shrinkage=0.05


Tree=134
num_leaves=6
num_cat=0
split_feature=24 15 3 33 5
split_gain=0.0911781 1.80702e-10 2.21947e-12 6.68271e-13 6.93889e-18
threshold=1.0000000180025095e-35 0.83333334326744091 1.0000000180025095e-35 1.0000000180025095e-35 0.60173159837722789
decision_type=2 2 2 2 2
left_child=1 2 4 -2 -1
right_child=3 -3 -4 -5 -6
leaf_value=-0.050001227443895561 0.050053297243634304 -0.050016652931288742 -0.050002971336356429 0.050052900181462627 -0.050001229734172675
leaf_weight=0.044042969515430741 0.021272560115903616 0.0019970626453869036 0.0019012439734069622 0.021115334238857031 0.0012547822898341101
leaf_count=1790 20 6 32 20 51
internal_value=-0.00369335 -0.0500019 -0.0500013 0.0500531 -0.0500012
internal_weight=0.091584 0.0491961 0.047199 0.0423879 0.0452978
internal_count=1919 1879 1873 40 1841
is_linear=0
shrinkage=0.05


Tree=135
num_leaves=6
num_cat=0
split_feature=24 14 3 6 10
split_gain=0.08834 1.80375e-10 1.68579e-12 6.93889e-18 1.73472e-18
threshold=1.0000000180025095e-35 0.98484849929809581 1.0000000180025095e-35 0.96824595332145702 0.35550154745578771
decision_type=2 2 2 2 2
left_child=1 2 3 -1 -5
right_child=-2 -3 -4 4 -6
leaf_value=-0.050001169654251811 0.0500505247398145 -0.050015847376425095 -0.050002830681211842 -0.050001169648976877 -0.050001169662911897
leaf_weight=0.034054315708999638 0.04235373658593744 0.0022171240416355422 0.0015848388356971546 0.0022000825119903311 0.0059916427653661231
leaf_count=1455 42 7 28 94 256
internal_value=-0.00206628 -0.0500019 -0.0500012 -0.0500012 -0.0500012
internal_weight=0.0884017 0.046048 0.0438309 0.042246 0.00819173
internal_count=1882 1840 1833 1805 350
is_linear=0
shrinkage=0.05


Tree=136
num_leaves=6
num_cat=0
split_feature=24 14 17 7 7
split_gain=0.0840295 1.55204e-10 1.11702e-12 6.93889e-18 8.67362e-19
threshold=1.0000000180025095e-35 0.98484849929809581 0.68703702092170726 0.38348416984081274 0.4131994247436524
decision_type=2 2 2 2 2
left_child=1 2 3 -1 -5
right_child=-2 -3 -4 4 -6
leaf_value=-0.050001115132490365 0.050048056070485764 -0.050015074746999934 -0.050002346698442203 -0.050001114905149961 -0.050001115131710544
leaf_weight=0.034330446798776393 0.040290056553203613 0.0021090254012960932 0.0019304926136101122 0.0019369398105482096 0.00349539104354335
leaf_count=1542 42 7 47 87 157
internal_value=-0.00206626 -0.0500018 -0.0500012 -0.0500011 -0.0500011
internal_weight=0.0840924 0.0438023 0.0416933 0.0397628 0.00543233
internal_count=1882 1840 1833 1786 244
is_linear=0
shrinkage=0.05


Tree=137
num_leaves=5
num_cat=0
split_feature=24 14 3 17
split_gain=0.0799294 1.33664e-10 1.25092e-12 6.93889e-18
threshold=1.0000000180025095e-35 0.98484849929809581 1.0000000180025095e-35 0.33902026712894445
decision_type=2 2 2 2
left_child=1 2 3 -1
right_child=-2 -3 -4 -5
leaf_value=-0.050001056560893001 0.050045711210873048 -0.050014339418456948 -0.050002560866156891 -0.05000105937938281
leaf_weight=0.036658830809756182 0.038326838403008878 0.0020061958057340226 0.0014340295165311536 0.0015670501579734255
leaf_count=1731 42 7 28 74
internal_value=-0.00206624 -0.0500017 -0.0500011 -0.0500011
internal_weight=0.0799929 0.0416661 0.0396599 0.0382259
internal_count=1882 1840 1833 1805
is_linear=0
shrinkage=0.05


Tree=138
num_leaves=8
num_cat=0
split_feature=3 32 14 14 17 14 20
split_gain=0.070765 5.65149e-06 1.15654e-10 1.38778e-17 6.93889e-18 8.67362e-19 8.67362e-19
threshold=1.0000000180025095e-35 1.0000000180025095e-35 0.98484849929809581 0.31394787132740026 0.30925047397613531 0.39476037025451666 0.19375000149011615
decision_type=2 2 2 2 2 2 2
left_child=2 -2 3 4 -1 6 -5
right_child=1 -3 -4 5 -6 -7 -8
leaf_value=-0.050001011207949836 0.045764668173094138 0.046992311448455525 -0.050013638571335985 -0.050001008931254233 -0.05000100876865711 -0.050001006986063634 -0.050001007464394634
leaf_weight=0.031708304873973248 0.017160337290988537 0.02066295793702011 0.0019083784427493802 0.0012288479738344895 0.0013295732151163966 0.0010474235878064064 0.0010474679384060437
leaf_count=1574 34 36 7 61 66 52 52
internal_value=-0.00206622 0.0464353 -0.0500016 -0.050001 -0.050001 -0.050001 -0.050001
internal_weight=0.0760933 0.0378233 0.03827 0.0363616 0.0330379 0.00332374 0.00227632
internal_count=1882 70 1812 1805 1640 165 113
is_linear=0
shrinkage=0.05


Tree=139
num_leaves=5
num_cat=0
split_feature=24 15 3 6
split_gain=0.0725765 9.87418e-11 1.39237e-12 6.93889e-18
threshold=1.0000000180025095e-35 0.83333334326744091 1.0000000180025095e-35 0.78498074412345897
decision_type=2 2 2 2
left_child=1 2 3 -1
right_child=-2 -3 -4 -5
leaf_value=-0.050000958665850963 0.050041505461090166 -0.0500129733041286 -0.050002551440213774 -0.050000958669762174
leaf_weight=0.0027210864463995668 0.0348075280780904 0.0018153293349314472 0.0014287760277511543 0.0318671873119456
leaf_count=142 42 7 28 1663
internal_value=-0.00206303 -0.0500016 -0.050001 -0.050001
internal_weight=0.0726399 0.0378324 0.036017 0.0345883
internal_count=1882 1840 1833 1805
is_linear=0
shrinkage=0.05


Tree=140
num_leaves=6
num_cat=0
split_feature=24 14 3 14 17
split_gain=0.0681526 9.66042e-11 1.19664e-12 6.93889e-18 4.33681e-19
threshold=1.0000000180025095e-35 0.98484849929809581 1.0000000180025095e-35 0.094754770398139967 0.083145298063755049
decision_type=2 2 2 2 2
left_child=1 2 3 4 -1
right_child=-2 -3 -4 -5 -6
leaf_value=-0.050000913085761239 0.050039463980372116 -0.050012341889427096 -0.050002426456164206 -0.050000912994521252 -0.050000913085757041
leaf_weight=0.0010936816397588691 0.031520340184215456 0.0019732866203412405 0.0013587380199169266 0.031588942780217621 0.0010025415031122975
leaf_count=60 40 8 28 1733 55
internal_value=-0.00399281 -0.0500016 -0.050001 -0.0500009 -0.0500009
internal_weight=0.0685375 0.0370172 0.0350439 0.0336852 0.00209622
internal_count=1924 1884 1876 1848 115
is_linear=0
shrinkage=0.05


Tree=141
num_leaves=5
num_cat=0
split_feature=24 15 3 5
split_gain=0.0648275 8.31466e-11 1.0344e-12 6.93889e-18
threshold=1.0000000180025095e-35 0.83333334326744091 1.0000000180025095e-35 0.42518657445907598
decision_type=2 2 2 2
left_child=1 2 3 -1
right_child=-2 -3 -4 -5
leaf_value=-0.05000086561069006 0.050037536546274575 -0.050011737226026212 -0.050002308508320395 -0.050000865912196317
leaf_weight=0.0156744053838338 0.029984200547914952 0.0018770704045891753 0.0012924745569762299 0.016367943129807827
leaf_count=904 40 8 28 944
internal_value=-0.00399275 -0.0500015 -0.0500009 -0.0500009
internal_weight=0.0651961 0.0352119 0.0333348 0.0320423
internal_count=1924 1884 1876 1848
is_linear=0
shrinkage=0.05


Tree=142
num_leaves=8
num_cat=0
split_feature=24 14 3 10 10 10 10
split_gain=0.0616647 7.1573e-11 8.91745e-13 3.46945e-18 8.67362e-19 8.67362e-19 4.33681e-19
threshold=1.0000000180025095e-35 0.98484849929809581 1.0000000180025095e-35 0.35388994216918951 0.34028340876102453 0.32856266200542456 0.31209415197372442
decision_type=2 2 2 2 2 2 2
left_child=1 2 3 4 5 6 -1
right_child=-2 -3 -4 -5 -6 -7 -8
leaf_value=-0.050000821628393415 0.05003570380594799 -0.050011163660936934 -0.050002195317285662 -0.050000821844752852 -0.050000821805140885 -0.050000821712286952 -0.050000822194374545
leaf_weight=0.0011545400957402299 0.028522870736196637 0.0017855445039458564 0.0012294425250729537 0.023008143971310346 0.0025729751214385033 0.0022925741232029395 0.0014514182839775458
leaf_count=70 40 8 28 1395 156 139 88
internal_value=-0.00399271 -0.0500014 -0.0500009 -0.0500008 -0.0500008 -0.0500008 -0.0500008
internal_weight=0.0620175 0.0334946 0.0317091 0.0304797 0.00747151 0.00489853 0.00260596
internal_count=1924 1884 1876 1848 453 297 158
is_linear=0
shrinkage=0.05


Tree=143
num_leaves=7
num_cat=0
split_feature=24 14 3 14 10 5
split_gain=0.0586563 6.16056e-11 7.6639e-13 6.93889e-18 3.46945e-18 8.67362e-19
threshold=1.0000000180025095e-35 0.98484849929809581 1.0000000180025095e-35 0.3096535205841065 0.4256147593259812 0.46966911852359777
decision_type=2 2 2 2 2 2
left_child=1 2 3 4 -1 -5
right_child=-2 -3 -4 5 -6 -7
leaf_value=-0.05000078267668339 0.050033962369171382 -0.050010620406854514 -0.050002088405038947 -0.050000785250749136 -0.050000782673870717 -0.05000078408122887
leaf_weight=0.017932581147761084 0.027132715506013483 0.0016984805115498594 0.0011694843560690052 0.0015374238337244597 0.0081269265319861006 0.0013962312605144689
leaf_count=1143 40 8 28 98 518 89
internal_value=-0.00399266 -0.0500014 -0.0500008 -0.0500008 -0.0500008 -0.0500008
internal_weight=0.0589938 0.0318611 0.0301626 0.0289932 0.0260595 0.00293366
internal_count=1924 1884 1876 1848 1661 187
is_linear=0
shrinkage=0.05


Tree=144
num_leaves=5
num_cat=0
split_feature=24 14 3 5
split_gain=0.0557947 5.30209e-11 6.57512e-13 3.46945e-18
threshold=1.0000000180025095e-35 0.98484849929809581 1.0000000180025095e-35 0.53427231311798107
decision_type=2 2 2 2
left_child=1 2 3 -1
right_child=-2 -3 -4 -5
leaf_value=-0.05000074651014396 0.050032304912564808 -0.05001010381472927 -0.050001986343655748 -0.050000746294309041
leaf_weight=0.025728664530106471 0.02581027103587985 0.0016156609053723505 0.0011124501397716804 0.0018505061116229618
leaf_count=1724 40 8 28 124
internal_value=-0.00399262 -0.0500013 -0.0500008 -0.0500007
internal_weight=0.0561176 0.0303073 0.0286916 0.0275792
internal_count=1924 1884 1876 1848
is_linear=0
shrinkage=0.05


Tree=145
num_leaves=6
num_cat=0
split_feature=24 14 17 5 5
split_gain=0.0524276 4.56739e-11 4.20768e-13 3.46945e-18 1.73472e-18
threshold=1.0000000180025095e-35 0.98484849929809581 0.68703702092170726 0.41367456316947943 0.4022193849086762
decision_type=2 2 2 2 2
left_child=1 2 3 4 -1
right_child=-2 -3 -4 -5 -6
leaf_value=-0.050000708062199653 0.050030729756867676 -0.050009608618258032 -0.050001656764858682 -0.050000708172326228 -0.050000708199147675
leaf_weight=0.0087305105280393036 0.023940244573168457 0.0015368789900094262 0.0012236004131409564 0.01587112286597403 0.0015615664551660311
leaf_count=615 39 8 43 1118 110
internal_value=-0.00470021 -0.0500012 -0.0500008 -0.0500007 -0.0500007
internal_weight=0.0528639 0.0289237 0.0273868 0.0261632 0.0102921
internal_count=1933 1894 1886 1843 725
is_linear=0
shrinkage=0.05


Tree=146
num_leaves=6
num_cat=0
split_feature=24 14 17 5 5
split_gain=0.04987 3.92809e-11 3.60149e-13 3.46945e-18 4.33681e-19
threshold=1.0000000180025095e-35 0.98484849929809581 0.68703702092170726 0.52545297145843517 0.54669988155365001
decision_type=2 2 2 2 2
left_child=1 2 3 -1 -5
right_child=-2 -3 -4 4 -6
leaf_value=-0.050000676739133346 0.050029229672365054 -0.050009139627919454 -0.050001576556933658 -0.050000676844371289 -0.050000675688754048
leaf_weight=0.022659112263681891 0.022773330507334322 0.001461937907151877 0.0011639265421763403 0.0011613168098847373 0.0010667929154806188
leaf_count=1678 39 8 43 86 79
internal_value=-0.00470016 -0.0500012 -0.0500007 -0.0500007 -0.0500007
internal_weight=0.0502864 0.0275131 0.0260511 0.0248872 0.00222811
internal_count=1933 1894 1886 1843 165
is_linear=0
shrinkage=0.05


Tree=147
num_leaves=5
num_cat=0
split_feature=24 14 17 17
split_gain=0.0474371 3.38212e-11 3.09322e-13 3.46945e-18
threshold=1.0000000180025095e-35 0.98484849929809581 0.68703702092170726 0.32323588430881506
decision_type=2 2 2 2
left_child=1 2 3 -1
right_child=-2 -3 -4 -5
leaf_value=-0.050000644257425876 0.050027806899090622 -0.050008695673248185 -0.050001499213304684 -0.050000642251354803
leaf_weight=0.022543138557921338 0.021663263149093837 0.0013906504027545443 0.0011071628368881639 0.0011303341216262188
leaf_count=1755 39 8 43 88
internal_value=-0.00470011 -0.0500011 -0.0500007 -0.0500006
internal_weight=0.0478345 0.0261713 0.0247806 0.0236735
internal_count=1933 1894 1886 1843
is_linear=0
shrinkage=0.05


Tree=148
num_leaves=6
num_cat=0
split_feature=14 32 17 6 6
split_gain=0.0401474 1.53185e-07 2.67321e-13 3.46945e-18 8.67362e-19
threshold=0.98484849929809581 1.0000000180025095e-35 0.68703702092170726 0.855400711297989 0.8313007950782777
decision_type=2 2 2 2 2
left_child=2 -2 3 4 -1
right_child=1 -3 -4 -5 -6
leaf_value=-0.050000610376554969 0.044121673440993596 0.043857320246536269 -0.050001425425767312 -0.050000610420274483 -0.050000610486715093
leaf_weight=0.0040566004390711887 0.011196823208592832 0.010733294184319675 0.001053167368809226 0.016360750640160404 0.0021015668635300244
leaf_count=332 24 23 43 1339 172
internal_value=-0.00470007 0.0439923 -0.0500006 -0.0500006 -0.0500006
internal_weight=0.0455022 0.0219301 0.0235721 0.0225189 0.00615817
internal_count=1933 47 1886 1843 504
is_linear=0
shrinkage=0.05


Tree=149
num_leaves=7
num_cat=0
split_feature=3 32 14 17 35 35
split_gain=0.0400732 1.06061e-06 3.37698e-11 6.93889e-18 3.46945e-18 4.33681e-19
threshold=1.0000000180025095e-35 1.0000000180025095e-35 0.98484849929809581 0.30094444751739508 0.12143450975418092 0.16838818043470385
decision_type=2 2 2 2 2 2
left_child=2 -2 3 4 -1 -6
right_child=1 -3 -4 -5 5 -7
leaf_value=-0.050000579314215782 0.046458798606407122 0.045739836668676509 -0.050008640776360351 -0.050000582472393584 -0.050000581079125118 -0.0500005814589983
leaf_weight=0.017736359844093386 0.01045436493222951 0.010071134107420221 0.0013823077315464607 0.0014876602508593342 0.0012551977770272052 0.0011390209692763165
leaf_count=1526 32 33 8 128 108 98
internal_value=-0.00468001 0.046106 -0.0500011 -0.0500006 -0.0500006 -0.0500006
internal_weight=0.043526 0.0205255 0.0230005 0.0216182 0.0201306 0.00239422
internal_count=1933 65 1868 1860 1732 206
is_linear=0
shrinkage=0.05


Tree=150
num_leaves=5
num_cat=0
split_feature=3 32 14 17
split_gain=0.0351449 1.06759e-06 2.55987e-11 6.93889e-18
threshold=1.0000000180025095e-35 1.0000000180025095e-35 0.98484849929809581 0.28971590101718908
decision_type=2 2 2 2
left_child=2 -2 3 -1
right_child=1 -3 -4 -5
leaf_value=-0.05000055121607553 0.04448603195597195 0.045268029083280058 -0.050008217459603765 -0.050000552812072364
leaf_weight=0.018474397254067298 0.0076413678252720265 0.010177718999329954 0.0011504348221933461 0.0019015393818335715
leaf_count=1671 28 35 7 172
internal_value=-0.00700665 0.0449327 -0.050001 -0.0500006
internal_weight=0.0393455 0.0178191 0.0215264 0.0203759
internal_count=1913 63 1850 1843
is_linear=0
shrinkage=0.05


Tree=151
num_leaves=5
num_cat=0
split_feature=24 15 0 5
split_gain=0.0368779 2.17704e-11 3.86961e-13 3.46945e-18
threshold=1.0000000180025095e-35 0.83333334326744091 0.59090909361839306 0.53229168057441723
decision_type=2 2 2 2
left_child=1 2 3 -1
right_child=-2 -3 -4 -5
leaf_value=-0.050000523375255561 0.050023122042008955 -0.05000781759091695 -0.050001448596818571 -0.050000523290044868
leaf_weight=0.018004554152867058 0.016169639420695603 0.0010943359666271127 0.0012010366290269294 0.0011252885478825183
leaf_count=1712 35 7 52 107
internal_value=-0.00698035 -0.0500009 -0.0500006 -0.0500005
internal_weight=0.0375949 0.0214252 0.0203309 0.0191298
internal_count=1913 1878 1871 1819
is_linear=0
shrinkage=0.05


Tree=152
num_leaves=6
num_cat=0
split_feature=24 14 1 5 14
split_gain=0.035079 1.87376e-11 3.31454e-13 3.46945e-18 4.33681e-19
threshold=1.0000000180025095e-35 0.98484849929809581 1.0000000180025095e-35 0.36794872581958776 0.14461896568536761
decision_type=2 2 2 2 2
left_child=1 2 3 4 -1
right_child=-2 -3 -4 -5 -6
leaf_value=-0.050000500030319667 0.050021993849476698 -0.050007438309373146 -0.050001378018660086 -0.050000500046398881 -0.050000500047269983
leaf_weight=0.0010904179252975146 0.015381375123979524 0.0010409723035991183 0.0011424629610701223 0.015976065530594497 0.0011303949468128849
leaf_count=109 35 7 52 1597 113
internal_value=-0.00698029 -0.0500009 -0.0500006 -0.0500005 -0.0500005
internal_weight=0.0357617 0.0203803 0.0193393 0.0181969 0.00222081
internal_count=1913 1878 1871 1819 222
is_linear=0
shrinkage=0.05


Tree=153
num_leaves=5
num_cat=0
split_feature=3 33 15 6
split_gain=0.030123 1.06804e-06 1.58595e-11 6.93889e-18
threshold=1.0000000180025095e-35 1.0000000180025095e-35 0.5000000149011613 0.98780488967895519
decision_type=2 2 2 2
left_child=2 -2 3 -1
right_child=1 -3 -4 -5
leaf_value=-0.050000473623878772 0.044837997128489217 0.043999176867228484 -0.050006891273854083 -0.050000476125141739
leaf_weight=0.016243628124357201 0.0088419749044987839 0.0066479504785093022 0.0010187361149291965 0.0012656035396503276
leaf_count=1707 35 28 10 133
internal_value=-0.00698024 0.044478 -0.0500008 -0.0500005
internal_weight=0.0340179 0.0154899 0.018528 0.0175092
internal_count=1913 63 1850 1840
is_linear=0
shrinkage=0.05


Tree=154
num_leaves=8
num_cat=0
split_feature=24 26 0 0 5 26 17
split_gain=0.0319005 1.29919e-11 3.44232e-13 3.46945e-18 1.73472e-18 1.73472e-18 8.67362e-19
threshold=1.0000000180025095e-35 0.9577586054801942 0.59090909361839306 0.080128207802772536 0.48528139293193823 0.4743421077728272 0.17058113962411883
decision_type=2 2 2 2 2 2 2
left_child=1 2 3 4 5 -1 -5
right_child=-2 -3 -4 6 -6 -7 -8
leaf_value=-0.050000452159359568 0.050020007536367754 -0.050006340472318937 -0.050001372703775984 -0.050000452173990961 -0.050000452142371116 -0.050000452161217505 -0.050000452165090803
leaf_weight=0.0080561478553136112 0.013995487679494545 0.00101023849856574 0.0010824858354681046 0.0014392443990800521 0.0011043259228245015 0.0037474112959898784 0.002081921979879553
leaf_count=890 35 12 51 159 122 414 230
internal_value=-0.00695168 -0.0500008 -0.0500005 -0.0500005 -0.0500005 -0.0500005 -0.0500005
internal_weight=0.0325173 0.0185218 0.0175115 0.0164291 0.0129079 0.0118036 0.00352117
internal_count=1913 1878 1866 1815 1426 1304 389
is_linear=0
shrinkage=0.05


Tree=155
num_leaves=6
num_cat=0
split_feature=24 14 17 14 14
split_gain=0.030888 1.34679e-11 3.45342e-13 3.46945e-18 1.73472e-18
threshold=1.0000000180025095e-35 0.98484849929809581 0.68703702092170726 0.31183180212974554 0.21499294787645343
decision_type=2 2 2 2 2
left_child=1 2 3 4 -1
right_child=-2 -3 -4 -5 -6
leaf_value=-0.050000433020432979 0.050019023933422849 -0.050006400043603377 -0.050001358246266142 -0.05000043201221032 -0.05000043289246936
leaf_weight=0.011236560239922255 0.013685992598766461 0.0010240840492770067 0.0010779709336929946 0.0013431508550638691 0.0030222472578316237
leaf_count=1305 36 8 49 156 351
internal_value=-0.00639234 -0.0500008 -0.0500005 -0.0500004 -0.0500004
internal_weight=0.03139 0.017704 0.0166799 0.015602 0.0142588
internal_count=1905 1869 1861 1812 1656
is_linear=0
shrinkage=0.05


Tree=156
num_leaves=6
num_cat=0
split_feature=3 32 26 5 14
split_gain=0.0261186 6.40261e-06 1.13938e-11 3.46945e-18 4.33681e-19
threshold=1.0000000180025095e-35 1.0000000180025095e-35 0.9577586054801942 0.50480392575263988 0.20487179607152942
decision_type=2 2 2 2 2
left_child=2 -2 3 -1 -5
right_child=1 -3 -4 4 -6
leaf_value=-0.050000410832355693 0.044784119861394973 0.042635194268127223 -0.050005905637445197 -0.050000410859668477 -0.050000410061436518
leaf_weight=0.012711556077192654 0.0072313616528845159 0.0066572055329743307 0.001006881368084577 0.0011876168309754584 0.0010647255330695771
leaf_count=1552 32 34 12 145 130
internal_value=-0.00639229 0.0437541 -0.0500008 -0.0500004 -0.0500004
internal_weight=0.0298593 0.0138886 0.0159708 0.0149639 0.00225234
internal_count=1905 66 1839 1827 275
is_linear=0
shrinkage=0.05


Tree=157
num_leaves=7
num_cat=0
split_feature=24 15 15 14 17 14
split_gain=0.0281087 9.33144e-12 3.41125e-13 3.46945e-18 3.46945e-18 1.73472e-18
threshold=1.0000000180025095e-35 0.5000000149011613 0.058080809190869338 0.32356797158718115 0.27790594100952154 0.17477571964263919
decision_type=2 2 2 2 2 2
left_child=1 2 3 4 5 -1
right_child=-2 -3 -4 -5 -6 -7
leaf_value=-0.050000385235994427 0.050017318802710098 -0.0500054119044833 -0.050001339535152671 -0.050000387711402416 -0.050000386666885881 -0.050000385240938486
leaf_weight=0.0078143838627511286 0.012461653008358553 0.0010105702958753673 0.001003778746962781 0.0010361412050770022 0.0010128314133908143 0.0042227278718200987
leaf_count=1003 36 13 48 133 130 542
internal_value=-0.00636282 -0.0500008 -0.0500004 -0.0500004 -0.0500004 -0.0500004
internal_weight=0.0285621 0.0161004 0.0150899 0.0140861 0.0130499 0.0120371
internal_count=1905 1869 1856 1808 1675 1545
is_linear=0
shrinkage=0.05


Tree=158
num_leaves=7
num_cat=0
split_feature=24 35 7 5 5 14
split_gain=0.0267376 7.86718e-12 2.36668e-13 1.73472e-18 1.73472e-18 1.73472e-18
threshold=1.0000000180025095e-35 0.9197669029235841 0.51388889551162731 0.52545297145843517 0.47690120339393621 0.23404636979103091
decision_type=2 2 2 2 2 2
left_child=1 2 3 4 5 -1
right_child=-2 -3 -4 -5 -6 -7
leaf_value=-0.050000371227225726 0.050016474823467751 -0.050005005631779058 -0.050001165691832897 -0.050000371191809938 -0.050000371190729254 -0.050000371035862079
leaf_weight=0.0081892005546251312 0.011854086245875806 0.0010040835063591666 0.0010083742604365406 0.0010968325332214599 0.0021640240643137085 0.0018527017282394817
leaf_count=1105 36 13 61 148 292 250
internal_value=-0.00636278 -0.0500007 -0.0500004 -0.0500004 -0.0500004 -0.0500004
internal_weight=0.0271693 0.0153152 0.0143111 0.0133028 0.0122059 0.0100419
internal_count=1905 1869 1856 1795 1647 1355
is_linear=0
shrinkage=0.05


Tree=159
num_leaves=6
num_cat=0
split_feature=24 35 17 17 14
split_gain=0.0254334 6.50675e-12 1.65326e-13 3.46945e-18 8.67362e-19
threshold=1.0000000180025095e-35 0.91073969006538402 0.39910003542900091 0.19469989091157916 0.15919382125139239
decision_type=2 2 2 2 2
left_child=1 2 3 -1 -5
right_child=-2 -3 -4 4 -6
leaf_value=-0.050000351584053318 0.050015672936241096 -0.050004547277060253 -0.050001018770743921 -0.050000351581230354 -0.050000351733167317
leaf_weight=0.0083608237437147181 0.011276132136117667 0.0010172339329983524 0.0010028118244918014 0.001184333308628994 0.0030030921016077627
leaf_count=1186 36 16 73 168 426
internal_value=-0.00636274 -0.0500007 -0.0500004 -0.0500004 -0.0500004
internal_weight=0.0258444 0.0145683 0.0135511 0.0125482 0.00418743
internal_count=1905 1869 1853 1780 594
is_linear=0
shrinkage=0.05


Tree=160
num_leaves=6
num_cat=0
split_feature=24 17 5 6 5
split_gain=0.0257367 3.51812e-12 5.92287e-14 3.46945e-18 4.33681e-19
threshold=1.0000000180025095e-35 0.98484849929809581 0.54816615581512462 0.94201681017875682 0.44266615808010107
decision_type=2 2 2 2 2
left_child=1 2 3 -1 -5
right_child=-2 -3 -4 4 -6
leaf_value=-0.05000033551040918 0.050014912791889847 -0.050003419897934998 -0.050000734710753315 -0.050000334754017328 -0.050000335234463324
leaf_weight=0.0086235990106615645 0.011923018028028309 0.0010174278213526131 0.0010067179673569635 0.0018910333169515079 0.0014283321838775009
leaf_count=1286 40 28 104 282 213
internal_value=-0.00394108 -0.0500006 -0.0500004 -0.0500003 -0.0500003
internal_weight=0.0258901 0.0139671 0.0129497 0.011943 0.00331937
internal_count=1953 1913 1885 1781 495
is_linear=0
shrinkage=0.05


Tree=161
num_leaves=6
num_cat=0
split_feature=24 35 14 5 6
split_gain=0.0244813 2.92816e-12 3.71526e-14 3.46945e-18 3.46945e-18
threshold=1.0000000180025095e-35 0.86153501272201549 0.35370944440364843 0.52383354306221019 0.95948070287704479
decision_type=2 2 2 2 2
left_child=1 2 3 4 -1
right_child=-2 -3 -4 -5 -6
leaf_value=-0.050000317335441094 0.050014185622987178 -0.05000311876915197 -0.050000633999782551 -0.050000318307680813 -0.050000317266442079
leaf_weight=0.0081073699684566236 0.011341686244122684 0.0010303436183676249 0.0010098765019392894 0.0010269783069816194 0.0021113658626745755
leaf_count=1271 40 32 118 161 331
internal_value=-0.00394106 -0.0500006 -0.0500003 -0.0500003 -0.0500003
internal_weight=0.0246276 0.0132859 0.0122556 0.0112457 0.0102187
internal_count=1953 1913 1881 1763 1602
is_linear=0
shrinkage=0.05


Tree=162
num_leaves=6
num_cat=0
split_feature=24 35 17 5 7
split_gain=0.0232872 2.43779e-12 1.51094e-14 3.46945e-18 1.73472e-18
threshold=1.0000000180025095e-35 0.84005281329154979 0.30094444751739508 0.51471862196922313 0.3514705896377564
decision_type=2 2 2 2 2
left_child=1 2 3 4 -1
right_child=-2 -3 -4 -5 -6
leaf_value=-0.050000303521290618 0.050013496077744558 -0.050002810728931923 -0.050000505811686469 -0.050000303477318465 -0.050000303531848089
leaf_weight=0.0078879270649849786 0.010788690706249326 0.001074745542155143 0.0010116050752913006 0.0012499367485361299 0.0014137636308078081
leaf_count=1300 40 36 138 206 233
internal_value=-0.00394104 -0.0500005 -0.0500003 -0.0500003 -0.0500003
internal_weight=0.0234267 0.012638 0.0115632 0.0105516 0.00930169
internal_count=1953 1913 1877 1739 1533
is_linear=0
shrinkage=0.05


Tree=163
num_leaves=5
num_cat=0
split_feature=14 32 15 0
split_gain=0.0201896 2.53415e-07 1.14995e-13 1.73472e-18
threshold=0.98484849929809581 1.0000000180025095e-35 0.026709401980042461 0.080128207802772536
decision_type=2 2 2 2
left_child=2 -2 3 -1
right_child=1 -3 -4 -5
leaf_value=-0.050000287699261514 0.044979504934226089 0.045465049622957304 -0.050000848230737888 -0.050000287643484499
leaf_weight=0.0083978313855368469 0.0051122943623340689 0.0056652305647730827 0.0010022360038419728 0.0021066826298010719
leaf_count=1455 22 24 87 365
internal_value=-0.00394103 0.0452347 -0.0500003 -0.0500003
internal_weight=0.0222843 0.0107775 0.0115068 0.0105045
internal_count=1953 46 1907 1820
is_linear=0
shrinkage=0.05


Tree=164
num_leaves=5
num_cat=0
split_feature=24 35 6 17
split_gain=0.0211668 2.40374e-12 1.01568e-14 3.46945e-18
threshold=1.0000000180025095e-35 0.84005281329154979 0.97467949986457836 0.25194519758224493
decision_type=2 2 2 2
left_child=1 2 3 -1
right_child=-2 -3 -4 -5
leaf_value=-0.050000273363484671 0.050012267452504866 -0.050002830712467132 -0.050000440762071323 -0.050000274120218284
leaf_weight=0.0083506524001677462 0.0098089837410952896 0.0010213978425781542 0.0010032023292296808 0.0011089971981164135
leaf_count=1521 40 36 154 202
internal_value=-0.00392843 -0.0500005 -0.0500003 -0.0500003
internal_weight=0.0212932 0.0114842 0.0104629 0.00945965
internal_count=1953 1913 1877 1723
is_linear=0
shrinkage=0.05


Tree=165
num_leaves=5
num_cat=0
split_feature=24 14 32 35
split_gain=0.0207579 1.1225e-12 6.54685e-15 7.40727e-16
threshold=1.0000000180025095e-35 0.551466464996338 1.0000000180025095e-35 0.1600802540779114
decision_type=2 2 2 2
left_child=1 3 -2 -1
right_child=2 -3 -4 -5
leaf_value=-0.050000261217773449 0.050011625503356631 -0.050001986856149018 0.050011706517412435 -0.050000306586046372
leaf_weight=0.0086954066168800637 0.0046476491843350232 0.0010501372967155484 0.005383572875871323 0.0010006823658841322
leaf_count=1665 20 56 23 183
internal_value=-0.00171522 -0.0500004 0.0500117 -0.0500003
internal_weight=0.0207774 0.0107462 0.0100312 0.00969609
internal_count=1947 1904 43 1848
is_linear=0
shrinkage=0.05


Tree=166
num_leaves=5
num_cat=0
split_feature=15 32 5 17
split_gain=0.0184885 1.31632e-05 7.07594e-14 3.46945e-18
threshold=0.83333334326744091 1.0000000180025095e-35 0.55633485317230236 0.25805358588695532
decision_type=2 2 2 2
left_child=2 -2 3 -1
right_child=1 -3 -4 -5
leaf_value=-0.050000247228878004 0.04479001744904363 0.048447962135886341 -0.050000690916536056 -0.050000248096638999
leaf_weight=0.0078739170280641702 0.0046645296824863181 0.0052023799071321264 0.0010000713200497566 0.0010233326697743914
leaf_count=1585 23 24 109 206
internal_value=-0.00171521 0.0467187 -0.0500003 -0.0500002
internal_weight=0.0197642 0.00986691 0.00989732 0.00889725
internal_count=1947 47 1900 1791
is_linear=0
shrinkage=0.05


Tree=167
num_leaves=6
num_cat=0
split_feature=24 0 32 0 26
split_gain=0.0188429 1.06445e-12 1.53696e-15 1.73472e-18 1.73472e-18
threshold=1.0000000180025095e-35 0.59090909361839306 1.0000000180025095e-35 0.080128207802772536 0.59857144951820385
decision_type=2 2 2 2 2
left_child=1 3 -2 4 -1
right_child=2 -3 -4 -5 -6
leaf_value=-0.050000235782021646 0.05001057110032784 -0.050001924228423006 0.050010612290751155 -0.050000235876886748 -0.050000235976567345
leaf_weight=0.0056422477778141911 0.0042274626321159303 0.0010455702104081874 0.0048789814318297431 0.0019185507426300319 0.001148254515555891
leaf_count=1194 20 61 23 406 243
internal_value=-0.0017134 -0.0500004 0.0500106 -0.0500002 -0.0500002
internal_weight=0.0188611 0.00975462 0.00910644 0.00870905 0.0067905
internal_count=1947 1904 43 1843 1437
is_linear=0
shrinkage=0.05


Tree=168
num_leaves=7
num_cat=0
split_feature=24 17 33 6 35 35
split_gain=0.0179239 9.03817e-13 1.13277e-15 3.46945e-18 2.60209e-18 8.67362e-19
threshold=1.0000000180025095e-35 0.45809525251388555 1.0000000180025095e-35 0.97100839018821727 0.12900624424219134 0.078377023339271559
decision_type=2 2 2 2 2 2
left_child=1 3 -2 4 5 -1
right_child=2 -3 -4 -5 -6 -7
leaf_value=-0.050000222619296222 0.05001009257693674 -0.050001809199203662 0.050010056324815179 -0.050000225542616232 -0.050000225465327001 -0.050000223109483224
leaf_weight=0.0047287784473155625 0.0046410775539698079 0.0010080630891025075 0.0040213271859101951 0.0010698150904318027 0.0010068502797366818 0.0014653817183898354
leaf_count=1052 23 64 20 238 224 326
internal_value=-0.0017134 -0.0500004 0.0500101 -0.0500002 -0.0500002 -0.0500002
internal_weight=0.0179413 0.00927889 0.0086624 0.00827083 0.00720101 0.00619416
internal_count=1947 1904 43 1840 1602 1378
is_linear=0
shrinkage=0.05


Tree=169
num_leaves=6
num_cat=0
split_feature=24 10 32 14 6
split_gain=0.0170496 7.40945e-13 9.54098e-16 3.46945e-18 8.67362e-19
threshold=1.0000000180025095e-35 0.54562214016914379 1.0000000180025095e-35 0.28601308166980749 0.87652438879013073
decision_type=2 2 2 2 2
left_child=1 3 -2 4 -1
right_child=2 -3 -4 -5 -6
leaf_value=-0.050000212819031581 0.050009567518478487 -0.050001657349591694 0.050009601629043589 -0.050000214752011968 -0.050000212774277013
leaf_weight=0.0024329369412043889 0.0038252412923611701 0.0010016599017035341 0.0044147718290332705 0.0010047755363302713 0.0043869828296010382
leaf_count=569 20 74 23 235 1026
internal_value=-0.0017134 -0.0500004 0.0500096 -0.0500002 -0.0500002
internal_weight=0.0170664 0.00882636 0.00824001 0.0078247 0.00681992
internal_count=1947 1904 43 1830 1595
is_linear=0
shrinkage=0.05


Tree=170
num_leaves=6
num_cat=0
split_feature=14 32 17 6 14
split_gain=0.0141291 9.68967e-06 2.91208e-14 1.73472e-18 1.73472e-18
threshold=0.98484849929809581 1.0000000180025095e-35 0.30294443666934973 0.96922349929809581 0.23554179817438128
decision_type=2 2 2 2 2
left_child=2 -2 3 4 -1
right_child=1 -3 -4 -5 -6
leaf_value=-0.05000020144456821 0.047939005067578769 0.044317025430682028 -0.050000490341165466 -0.050000203788435831 -0.050000202966718726
leaf_weight=0.0048237926462206815 0.0035298411967232832 0.0038721152741345577 0.0010026229606410197 0.0010574923876447428 0.0010493388922441227
leaf_count=1186 20 23 157 260 258
internal_value=-0.00364172 0.0460443 -0.0500002 -0.0500002 -0.0500002
internal_weight=0.0153352 0.00740196 0.00793325 0.00693062 0.00587313
internal_count=1904 43 1861 1704 1444
is_linear=0
shrinkage=0.05


Tree=171
num_leaves=7
num_cat=0
split_feature=14 32 35 6 35 7
split_gain=0.0133919 1.08388e-05 2.41092e-14 2.60209e-18 2.60209e-18 8.67362e-19
threshold=0.98484849929809581 1.0000000180025095e-35 0.17682670056819919 0.96922349929809581 0.094295896589756026 0.29150274395942694
decision_type=2 2 2 2 2 2
left_child=2 -2 3 4 5 -1
right_child=1 -3 -4 -5 -6 -7
leaf_value=-0.050000188159107319 0.047735071176696398 0.043821862476173069 -0.050000451910386982 -0.050000191401048603 -0.050000190782366317 -0.050000188481673286
leaf_weight=0.0021046904726063076 0.0033716795078362338 0.0037238544391584583 0.0010078876471197873 0.001021393757127953 0.0010291156490893627 0.0023832523097553349
leaf_count=544 20 23 171 264 266 616
internal_value=-0.0036324 0.0456814 -0.0500002 -0.0500002 -0.0500002 -0.0500002
internal_weight=0.0146419 0.00709553 0.00754634 0.00653845 0.00551706 0.00448794
internal_count=1904 43 1861 1690 1426 1160
is_linear=0
shrinkage=0.05


Tree=172
num_leaves=4
num_cat=0
split_feature=24 15 7
split_gain=0.0139135 7.4233e-13 8.67362e-19
threshold=1.0000000180025095e-35 0.026709401980042461 0.32466214895248419
decision_type=2 2 2
left_child=1 2 -1
right_child=-2 -3 -4
leaf_value=-0.050000185024490468 0.050008318062414937 -0.050001648212557828 -0.050000184776098112
leaf_weight=0.0044898510923303547 0.0064852455543586984 0.0010001219893638336 0.0020094037979561108
leaf_count=1220 39 99 546
internal_value=-0.00362223 -0.0500004 -0.0500002
internal_weight=0.0139846 0.00749938 0.00649925
internal_count=1904 1865 1766
is_linear=0
shrinkage=0.05


Tree=173
num_leaves=4
num_cat=0
split_feature=24 10 6
split_gain=0.0132349 6.04798e-13 8.67362e-19
threshold=1.0000000180025095e-35 0.52704679965972911 0.94519516825675975
decision_type=2 2 2
left_child=1 2 -1
right_child=-2 -3 -4
leaf_value=-0.050000175221645231 0.050007911550333378 -0.050001501116241645 -0.050000175253417711
leaf_weight=0.0047119705970999348 0.0061690053116763011 0.0010003590939504647 0.0014213007352736895
leaf_count=1346 39 113 406
internal_value=-0.00362222 -0.0500004 -0.0500002
internal_weight=0.0133026 0.00713363 0.00613327
internal_count=1904 1865 1752
is_linear=0
shrinkage=0.05


Tree=174
num_leaves=4
num_cat=0
split_feature=24 14 5
split_gain=0.0125894 4.8921e-13 8.67362e-19
threshold=1.0000000180025095e-35 0.36647103726863867 0.48528139293193823
decision_type=2 2 2
left_child=1 2 -1
right_child=-2 -3 -4
leaf_value=-0.050000167075591961 0.050007526313776619 -0.050001364004581543 -0.050000167102297523
leaf_weight=0.0047352617125397956 0.0058681834925664589 0.0010015076272793522 0.0010489521628187504
leaf_count=1422 39 128 315
internal_value=-0.00362221 -0.0500003 -0.0500002
internal_weight=0.0126539 0.00678572 0.00578421
internal_count=1904 1865 1737
is_linear=0
shrinkage=0.05


Tree=175
num_leaves=7
num_cat=0
split_feature=3 33 30 6 5 5
split_gain=0.0101396 2.20467e-06 8.45587e-13 1.73472e-18 8.67362e-19 4.33681e-19
threshold=1.0000000180025095e-35 1.0000000180025095e-35 0.64611005783081066 0.96824595332145702 0.4794366210699082 0.41941767930984503
decision_type=2 2 2 2 2 2
left_child=2 -2 3 4 5 -1
right_child=1 -3 -4 -5 -6 -7
leaf_value=-0.05000016131897838 0.041774016311654602 0.043770512774563113 -0.050001739952001828 -0.050000159101046118 -0.050000159985345863 -0.050000161180270689
leaf_weight=0.001811868713275544 0.0029794455176670454 0.0025802432201089687 0.0010097498886807443 0.0010389662172656244 0.0010009618615640647 0.0014222465852071764
leaf_count=572 39 30 173 328 316 449
internal_value=-0.00648376 0.0427006 -0.0500004 -0.0500002 -0.0500002 -0.0500002
internal_weight=0.0118435 0.00555969 0.00628379 0.00527404 0.00423508 0.00323412
internal_count=1907 69 1838 1665 1337 1021
is_linear=0
shrinkage=0.05


Tree=176
num_leaves=4
num_cat=0
split_feature=24 10 26
split_gain=0.0111521 9.17884e-13 8.67362e-19
threshold=1.0000000180025095e-35 0.54562214016914379 0.53923079371452343
decision_type=2 2 2
left_child=1 2 -1
right_child=-2 -3 -4
leaf_value=-0.050000150562949687 0.050006860770576637 -0.050001796475363396 -0.050000150376878584
leaf_weight=0.0042364427838492702 0.0049380810814909637 0.0010047168282198982 0.0011600256332258141
leaf_count=1406 36 80 385
internal_value=-0.00644874 -0.0500004 -0.0500002
internal_weight=0.0113393 0.00640119 0.00539647
internal_count=1907 1871 1791
is_linear=0
shrinkage=0.05


Tree=177
num_leaves=3
num_cat=0
split_feature=24 17
split_gain=0.0106082 7.42344e-13
threshold=1.0000000180025095e-35 0.36366541683673864
decision_type=2 2
left_child=1 -1
right_child=-2 -3
leaf_value=-0.050000142904429716 0.050006526287840573 -0.050001630405889869
leaf_weight=0.0050845634202687506 0.0046972785930847749 0.0010044346136055537
leaf_count=1774 36 97
internal_value=-0.00644872 -0.0500004
internal_weight=0.0107863 0.006089
internal_count=1907 1871
is_linear=0
shrinkage=0.05


Tree=178
num_leaves=6
num_cat=0
split_feature=24 5 14 14 14
split_gain=0.0100908 6.06667e-13 8.67362e-19 4.33681e-19 4.33681e-19
threshold=1.0000000180025095e-35 0.55633485317230236 0.22904993593692782 0.17392805218696597 0.13560539484024051
decision_type=2 2 2 2 2
left_child=1 2 3 4 -1
right_child=-2 -3 -4 -5 -6
leaf_value=-0.05000013381442512 0.050006206734331399 -0.050001487226313958 -0.050000135602476507 -0.050000133999584098 -0.050000133871150078
leaf_weight=0.0013822757509842631 0.0044682176667265594 0.0010018054542797472 0.0010141917841792747 0.001008761340244746 0.0013850020227437199
leaf_count=507 36 114 372 370 508
internal_value=-0.0064487 -0.0500004 -0.0500001 -0.0500001 -0.0500001
internal_weight=0.0102603 0.00579204 0.00479023 0.00377604 0.00276728
internal_count=1907 1871 1757 1385 1015
is_linear=0
shrinkage=0.05


Tree=179
num_leaves=5
num_cat=0
split_feature=24 14 5 6
split_gain=0.00959862 4.86627e-13 8.67362e-19 4.33681e-19
threshold=1.0000000180025095e-35 0.36040648818016058 0.47279411554336553 0.87339743971824657
decision_type=2 2 2 2
left_child=1 2 3 -1
right_child=-2 -3 -4 -5
leaf_value=-0.050000131420068109 0.05000590505789039 -0.050001348065267327 -0.050000130594385919 -0.050000131341090409
leaf_weight=0.0012500178463596967 0.0042503250951995142 0.0010048063311387523 0.001104794166622014 0.0021499388856227597
leaf_count=482 36 134 426 829
internal_value=-0.00644869 -0.0500004 -0.0500001 -0.0500001
internal_weight=0.00975988 0.00550956 0.00450475 0.00339996
internal_count=1907 1871 1737 1311
is_linear=0
shrinkage=0.05


Tree=180
num_leaves=5
num_cat=0
split_feature=14 32 6 35
split_gain=0.00839926 1.06608e-05 5.43576e-15 8.67362e-19
threshold=0.98484849929809581 1.0000000180025095e-35 0.97014260292053234 0.085916932672262206
decision_type=2 2 2 2
left_child=2 -2 3 -1
right_child=1 -3 -4 -5
leaf_value=-0.050000124277050799 0.045605642248660878 0.040898028785423528 -0.050000254756858799 -0.050000123576445669
leaf_weight=0.0027950350588525907 0.0024499331411789171 0.0023621514264959842 0.0010043440956906124 0.001038555692502996
leaf_count=1133 23 23 306 421
internal_value=-0.00347765 0.0432948 -0.0500002 -0.0500001
internal_weight=0.00965002 0.00481208 0.00483793 0.00383359
internal_count=1906 46 1860 1554
is_linear=0
shrinkage=0.05


Tree=181
num_leaves=5
num_cat=0
split_feature=24 7 6 6
split_gain=0.00919436 3.33193e-13 8.67362e-19 4.33681e-19
threshold=1.0000000180025095e-35 0.42020373046398168 0.94519516825675975 0.89871793985366832
decision_type=2 2 2 2
left_child=1 2 3 -1
right_child=-2 -3 -4 -5
leaf_value=-0.050000116407056552 0.050005374243505873 -0.050001136418677053 -0.050000117589281759 -0.05000011638147054
leaf_weight=0.0018796252079482656 0.0042987669876310974 0.0010059878850370296 0.0010020044926477567 0.0010512818250845157
leaf_count=801 40 190 427 448
internal_value=-0.00346247 -0.0500003 -0.0500001 -0.0500001
internal_weight=0.00923767 0.0049389 0.00393291 0.00293091
internal_count=1906 1866 1676 1249
is_linear=0
shrinkage=0.05


Tree=182
num_leaves=5
num_cat=0
split_feature=24 5 5 5
split_gain=0.00874592 2.6979e-13 4.33681e-19 4.33681e-19
threshold=1.0000000180025095e-35 0.52704679965972911 0.45393940806388861 0.40774038434028631
decision_type=2 2 2 2
left_child=1 2 3 -1
right_child=-2 -3 -4 -5
leaf_value=-0.050000111793538173 0.050005112753452367 -0.050001037037666424 -0.050000111995024035 -0.05000011194783175
leaf_weight=0.0015134032312289492 0.0040891345051932149 0.0010015698276220064 0.0010535782271290373 0.0011294765511138394
leaf_count=678 40 210 472 506
internal_value=-0.00346246 -0.0500003 -0.0500001 -0.0500001
internal_weight=0.00878716 0.00469803 0.00369646 0.00264288
internal_count=1906 1866 1656 1184
is_linear=0
shrinkage=0.05


Tree=183
num_leaves=4
num_cat=0
split_feature=24 35 6
split_gain=0.00831935 2.1785e-13 8.67362e-19
threshold=1.0000000180025095e-35 0.15708313882350924 0.91779279708862316
decision_type=2 2 2
left_child=1 2 -1
right_child=-2 -3 -4
leaf_value=-0.050000106959294077 0.050004862891839114 -0.050000944034564211 -0.05000010673862279
leaf_weight=0.001989532323250387 0.0038897239719517529 0.0010015515417762799 0.0014778196796214615
leaf_count=937 40 233 696
internal_value=-0.00346246 -0.0500003 -0.0500001
internal_weight=0.00835863 0.0044689 0.00346735
internal_count=1906 1866 1633
is_linear=0
shrinkage=0.05


Tree=184
num_leaves=4
num_cat=0
split_feature=24 17 26
split_gain=0.00791359 1.76159e-13 4.33681e-19
threshold=1.0000000180025095e-35 0.26019060611724859 0.31622806191444403
decision_type=2 2 2
left_child=1 2 -1
right_child=-2 -3 -4
leaf_value=-0.05000010111484178 0.05000462490627236 -0.050000859779519548 -0.050000101286509308
leaf_weight=0.0010664301469205384 0.0037000370721216314 0.0010011766864863603 0.0021833469063494704
leaf_count=528 40 257 1081
internal_value=-0.00346245 -0.0500003 -0.0500001
internal_weight=0.00795099 0.00425095 0.00324978
internal_count=1906 1866 1609
is_linear=0
shrinkage=0.05


Tree=185
num_leaves=4
num_cat=0
split_feature=24 6 5
split_gain=0.00703832 4.30298e-14 4.33681e-19
threshold=1.0000000180025095e-35 0.96922349929809581 0.45393940806388861
decision_type=2 2 2
left_child=1 2 -1
right_child=-2 -3 -4
leaf_value=-0.050000094956198116 0.050004405454366546 -0.050000473145223517 -0.050000095676988945
leaf_weight=0.0019193198882021534 0.0031690505129517987 0.0010120788615495258 0.001024021217972404
leaf_count=999 36 360 533
internal_value=-0.00551694 -0.0500002 -0.0500001
internal_weight=0.00712447 0.00395542 0.00294334
internal_count=1928 1892 1532
is_linear=0
shrinkage=0.05


Tree=186
num_leaves=3
num_cat=0
split_feature=24 17
split_gain=0.00669504 3.5309e-14
threshold=1.0000000180025095e-35 0.23724264651536944
decision_type=2 2
left_child=1 -1
right_child=-2 -3
leaf_value=-0.050000090564922564 0.050004188161571206 -0.050000437179065597
leaf_weight=0.0027614251583827354 0.0030145068158162758 0.0010010874702857109
leaf_count=1511 36 381
internal_value=-0.00551693 -0.0500002
internal_weight=0.00677702 0.00376251
internal_count=1928 1892
is_linear=0
shrinkage=0.05


Tree=187
num_leaves=4
num_cat=0
split_feature=24 17 5
split_gain=0.00636851 2.81251e-14 4.33681e-19
threshold=1.0000000180025095e-35 0.23099431395530703 0.43981900811195379
decision_type=2 2 2
left_child=1 2 -1
right_child=-2 -3 -4
leaf_value=-0.050000087763699956 0.050003984967907117 -0.050000400034671703 -0.050000087728502
leaf_weight=0.0015576222069739742 0.0028674989735009149 0.0010009399312593814 0.0010204511455640386
leaf_count=896 36 409 587
internal_value=-0.00551692 -0.0500002 -0.0500001
internal_weight=0.00644651 0.00357901 0.00257807
internal_count=1928 1892 1483
is_linear=0
shrinkage=0.05


Tree=188
num_leaves=4
num_cat=0
split_feature=24 5 5
split_gain=0.0060579 2.26113e-14 4.33681e-19
threshold=1.0000000180025095e-35 0.48278054594993597 0.4022193849086762
decision_type=2 2 2
left_child=1 2 -1
right_child=-2 -3 -4
leaf_value=-0.050000082775619153 0.050003793146179414 -0.050000365607529844 -0.050000082650696956
leaf_weight=0.001010366011428232 0.0027276596229057759 0.0010000876011417859 0.0013940097292106657
leaf_count=611 36 438 843
internal_value=-0.00551692 -0.0500002 -0.0500001
internal_weight=0.00613212 0.00340446 0.00240438
internal_count=1928 1892 1454
is_linear=0
shrinkage=0.05


Tree=189
num_leaves=3
num_cat=0
split_feature=24 14
split_gain=0.00576245 1.80606e-14
threshold=1.0000000180025095e-35 0.22904993593692782
decision_type=2 2
left_child=1 -1
right_child=-2 -3
leaf_value=-0.050000079049587788 0.050003606516099787 -0.050000334515126491
leaf_weight=0.0022367869796653395 0.0025946394744096324 0.001001639256173803
leaf_count=1422 36 470
internal_value=-0.00551691 -0.0500002
internal_weight=0.00583307 0.00323843
internal_count=1928 1892
is_linear=0
shrinkage=0.05


Tree=190
num_leaves=4
num_cat=0
split_feature=3 32 19
split_gain=0.00524674 4.72541e-07 6.51545e-14
threshold=1.0000000180025095e-35 1.0000000180025095e-35 0.48380355536937719
decision_type=2 2 2
left_child=2 -2 -1
right_child=1 -3 -4
leaf_value=-0.050000075694213969 0.044240121711903502 0.042954041133467839 -0.050000567201933077
leaf_weight=0.0020678461402212633 0.0012257566395419417 0.0017115363261837047 0.0010004687350146924
leaf_count=1382 28 42 485
internal_value=-0.00427458 0.0434907 -0.0500002
internal_weight=0.00600561 0.00293729 0.00306831
internal_count=1937 70 1867
is_linear=0
shrinkage=0.05


Tree=191
num_leaves=3
num_cat=0
split_feature=24 14
split_gain=0.00570634 6.69582e-14
threshold=1.0000000180025095e-35 0.24179444462060931
decision_type=2 2
left_child=1 -1
right_child=-2 -3
leaf_value=-0.05000007163580078 0.050003285765959464 -0.050000567959001763
leaf_weight=0.0021178661129397369 0.0026291417379979976 0.001000586359737099
leaf_count=1488 40 409
internal_value=-0.00425528 -0.0500002
internal_weight=0.00574759 0.00311845
internal_count=1937 1897
is_linear=0
shrinkage=0.05


Tree=192
num_leaves=3
num_cat=0
split_feature=24 14
split_gain=0.00542803 5.3714e-14
threshold=1.0000000180025095e-35 0.23404636979103091
decision_type=2 2
left_child=1 -1
right_child=-2 -3
leaf_value=-0.050000067356168479 0.050003127504811354 -0.050000517234237277
leaf_weight=0.0019644831857021927 0.0025009248129208572 0.0010018812683938449
leaf_count=1451 40 446
internal_value=-0.00425527 -0.0500002
internal_weight=0.00546729 0.00296636
internal_count=1937 1897
is_linear=0
shrinkage=0.05


Tree=193
num_leaves=3
num_cat=0
split_feature=24 17
split_gain=0.00516329 4.32345e-14
threshold=1.0000000180025095e-35 0.22023509442806247
decision_type=2 2
left_child=1 -1
right_child=-2 -3
leaf_value=-0.050000063148147825 0.050002973665335904 -0.050000472256309873
leaf_weight=0.00182102231542558 0.0023789602528268006 0.001000671430233524
leaf_count=1414 40 483
internal_value=-0.00425527 -0.0500002
internal_weight=0.00520065 0.00282169
internal_count=1937 1897
is_linear=0
shrinkage=0.05


Tree=194
num_leaves=4
num_cat=0
split_feature=14 32 10
split_gain=0.00406052 1.95984e-06 3.31332e-16
threshold=0.98484849929809581 1.0000000180025095e-35 0.42338882386684423
decision_type=2 2 2
left_child=2 -2 -1
right_child=1 -3 -4
leaf_value=-0.050000062999635636 0.038983148884353599 0.041813817638462522 -0.050000100390371519
leaf_weight=0.0014455447312684555 0.0010690005728974938 0.0014287322628661059 0.0010037444536692419
leaf_count=1180 21 27 709
internal_value=-0.00425527 0.0406023 -0.0500001
internal_weight=0.00494702 0.00249773 0.00244929
internal_count=1937 48 1889
is_linear=0
shrinkage=0.05


Tree=195
num_leaves=4
num_cat=0
split_feature=24 14 32
split_gain=0.00472917 6.89553e-15 5.01769e-16
threshold=1.0000000180025095e-35 0.19235277920961383 1.0000000180025095e-35
decision_type=2 2 2
left_child=1 -1 -2
right_child=2 -3 -4
leaf_value=-0.050000056048304153 0.05000269058115913 -0.050000227994861951 0.050002736958730358
leaf_weight=0.0013960264675461076 0.0011839130675070919 0.0010012144550728408 0.0011486323492135853
leaf_count=1198 22 673 21
internal_value=-0.000682642 -0.0500001 0.0500027
internal_weight=0.00472979 0.00239724 0.00233255
internal_count=1914 1871 43
is_linear=0
shrinkage=0.05


Tree=196
num_leaves=4
num_cat=0
split_feature=24 17 32
split_gain=0.00449852 5.27313e-15 4.03323e-16
threshold=1.0000000180025095e-35 0.1824162155389786 1.0000000180025095e-35
decision_type=2 2 2
left_child=1 -1 -2
right_child=2 -3 -4
leaf_value=-0.05000005573328118 0.050002558462967472 -0.050000208920417191 0.050002601087334619
leaf_weight=0.0012780592971921578 0.0011261758336331695 0.0010022670587659377 0.001092615751986159
leaf_count=1153 22 718 21
internal_value=-0.000682644 -0.0500001 0.0500026
internal_weight=0.00449912 0.00228033 0.00221879
internal_count=1914 1871 43
is_linear=0
shrinkage=0.05


Tree=197
num_leaves=4
num_cat=0
split_feature=24 10 32
split_gain=0.00427912 4.17374e-15 3.02709e-16
threshold=1.0000000180025095e-35 0.41863264143466955 1.0000000180025095e-35
decision_type=2 2 2
left_child=1 -1 -2
right_child=2 -3 -4
leaf_value=-0.05000005306407606 0.050002435610916621 -0.050000192185326656 0.050002473493146141
leaf_weight=0.0011682740416745219 0.0010712541698012501 0.0010008397315459661 0.0010393308257334866
leaf_count=1108 22 763 21
internal_value=-0.000682645 -0.0500001 0.0500025
internal_weight=0.0042797 0.00216911 0.00211058
internal_count=1914 1871 43
is_linear=0
shrinkage=0.05


Tree=198
num_leaves=3
num_cat=0
split_feature=24 14
split_gain=0.00407042 3.23136e-15
threshold=1.0000000180025095e-35 0.17665841430425647
decision_type=2 2
left_child=1 -1
right_child=-2 -3
leaf_value=-0.050000050627006992 0.05000233474039098 -0.05000017583292319
leaf_weight=0.0010621568890201161 0.002007655224588234 0.0010011682151116474
leaf_count=1059 43 812
internal_value=-0.000682646 -0.0500001
internal_weight=0.00407098 0.00206333
internal_count=1914 1871
is_linear=0
shrinkage=0.05


Tree=199
num_leaves=2
num_cat=0
split_feature=24
split_gain=0.0038719
threshold=1.0000000180025095e-35
decision_type=2
left_child=-1
right_child=-2
leaf_value=-0.050000105847068647 0.050002218987133251
leaf_weight=0.0019626957606533324 0.0019097449912806042
leaf_count=1871 43
internal_value=-0.000682647
internal_weight=0.00387244
internal_count=1914
is_linear=0
shrinkage=0.05


end of trees

feature_importances:
name_addr_jw_product=219
name_exact_match_raw=155
addr_jaro_winkler=131
addr_exact_match_raw=79
name_jaro_winkler=79
tfidf_cosine=77
addr_length_ratio=74
name_core_addr_jw_product=63
source_is_s2=57
addr_levenshtein_ratio=44
name_levenshtein_ratio=38
addr_component_jaccard=37
name_addr_tsj_product=29
name_token_sort_ratio=29
addr_token_sort_ratio=24
source_is_s3=19
name_core_jaro_winkler=18
name_core_levenshtein_ratio=10
name_core_token_sort_ratio=7
addr_contains_substring=6
addr_first_token_match=2
name_exact_match_norm=2
name_core_token_set_jaccard=1

parameters:
[boosting: gbdt]
[objective: binary]
[metric: binary_logloss]
[tree_learner: serial]
[device_type: cpu]
[data_sample_strategy: bagging]
[data: ]
[valid: ]
[num_iterations: 200]
[learning_rate: 0.05]
[num_leaves: 31]
[num_threads: 4]
[seed: 42]
[deterministic: 0]
[force_col_wise: 0]
[force_row_wise: 0]
[histogram_pool_size: -1]
[max_depth: -1]
[min_data_in_leaf: 20]
[min_sum_hessian_in_leaf: 0.001]
[bagging_fraction: 0.8]
[pos_bagging_fraction: 1]
[neg_bagging_fraction: 1]
[bagging_freq: 5]
[bagging_seed: 400]
[bagging_by_query: 0]
[feature_fraction: 0.8]
[feature_fraction_bynode: 1]
[feature_fraction_seed: 30056]
[extra_trees: 0]
[extra_seed: 12879]
[early_stopping_round: 0]
[early_stopping_min_delta: 0]
[first_metric_only: 0]
[max_delta_step: 0]
[lambda_l1: 0]
[lambda_l2: 0]
[linear_lambda: 0]
[min_gain_to_split: 0]
[drop_rate: 0.1]
[max_drop: 50]
[skip_drop: 0.5]
[xgboost_dart_mode: 0]
[uniform_drop: 0]
[drop_seed: 17869]
[top_rate: 0.2]
[other_rate: 0.1]
[min_data_per_group: 100]
[max_cat_threshold: 32]
[cat_l2: 10]
[cat_smooth: 10]
[max_cat_to_onehot: 4]
[top_k: 20]
[monotone_constraints: ]
[monotone_constraints_method: basic]
[monotone_penalty: 0]
[feature_contri: ]
[forcedsplits_filename: ]
[refit_decay_rate: 0.9]
[cegb_tradeoff: 1]
[cegb_penalty_split: 0]
[cegb_penalty_feature_lazy: ]
[cegb_penalty_feature_coupled: ]
[path_smooth: 0]
[interaction_constraints: ]
[verbosity: -1]
[saved_feature_importance_type: 0]
[use_quantized_grad: 0]
[num_grad_quant_bins: 4]
[quant_train_renew_leaf: 0]
[stochastic_rounding: 1]
[linear_tree: 0]
[max_bin: 255]
[max_bin_by_feature: ]
[min_data_in_bin: 3]
[bin_construct_sample_cnt: 200000]
[data_random_seed: 175]
[is_enable_sparse: 1]
[enable_bundle: 1]
[use_missing: 1]
[zero_as_missing: 0]
[feature_pre_filter: 1]
[pre_partition: 0]
[two_round: 0]
[header: 0]
[label_column: ]
[weight_column: ]
[group_column: ]
[ignore_column: ]
[categorical_feature: ]
[forcedbins_filename: ]
[precise_float_parser: 0]
[parser_config_file: ]
[objective_seed: 16083]
[num_class: 1]
[is_unbalance: 0]
[scale_pos_weight: 1]
[sigmoid: 1]
[boost_from_average: 1]
[reg_sqrt: 0]
[alpha: 0.9]
[fair_c: 1]
[poisson_max_delta_step: 0.7]
[tweedie_variance_power: 1.5]
[lambdarank_truncation_level: 30]
[lambdarank_norm: 1]
[label_gain: ]
[lambdarank_position_bias_regularization: 0]
[eval_at: ]
[multi_error_top_k: 1]
[auc_mu_weights: ]
[num_machines: 1]
[local_listen_port: 12400]
[time_out: 120]
[machine_list_filename: ]
[machines: ]
[gpu_platform_id: -1]
[gpu_device_id: -1]
[gpu_device_id_list: ]
[gpu_use_dp: 0]
[num_gpu: 1]

end of parameters

pandas_categorical:null
